y_true,y_pred
1200000,1282101.7421772033
260000,246703.9346662631
925000,872803.4019812946
249000,224910.5943907145
199900,187111.36413726181
430000,441745.81929057656
860000,984338.3879211225
2400000,2328256.1087943087
95000,81144.97048228483
1329000,1312213.0749026167
3800000,3698359.535069937
130000,116702.34539494045
263000,246783.10015330632
900000,883441.9706619798
260000,248307.09733298497
336806,364238.7317466588
530000,542641.6676224362
176000,162950.7743607373
138000,131882.00702394405
384000,374145.2044387542
1300000,1463970.2114387746
221000,222921.6977310632
129000,125046.24630252273
161200,154551.23156908032
560000,584698.3537891409
298500,345295.2556661074
560000,588226.4581947968
149900,162423.20008464006
150000,141471.01321649735
230000,214655.36186302316
720000,718386.0768597297
285000,296669.01116554637
230000,223342.8905793357
475000,490223.78908044746
481050,500196.04393461463
1075000,1143295.2199224047
175000,166598.58595350783
240000,220330.26528515597
530000,523219.9872949637
339000,348696.70095971395
995000,1034292.2199358105
920000,894244.1403572749
1100000,1116799.8273427172
150000,142015.02055725025
2270000,2205012.6336995433
230000,202528.19502525488
225000,267957.1292737879
2400000,2322311.2140416508
260000,256647.77603490363
539000,564381.3115919865
425000,431419.64919132175
167000,150775.2669073111
270000,267723.1622336884
269900,255867.42423517967
142000,151669.55595897386
4300000,4218511.965482369
8700000,8590004.899147628
219000,212142.87870456703
3750000,3617727.9037954477
155000,148046.29055699156
1080000,1092884.065176967
495000,503087.6641886658
325000,357514.33846623264
550000,550284.4672534416
165500,145613.0240546412
630000,629431.1431737138
514000,547417.3596164584
970000,944824.4200903446
1850000,1881869.4481642996
174000,165435.46193272914
252800,241827.1993594279
3300000,3258424.9867722876
149000,142407.86774663502
119900,111589.99404539789
95900,62992.469423359435
90000,81144.97048228483
3500000,3458469.0127732772
353900,379374.78703712614
1120000,1094564.5550998298
548000,555968.5588500511
429000,406955.2218531601
350000,344334.06578812073
318000,330037.11683690763
159680,162194.46491428613
901250,802691.2311976086
200000,212860.67432050966
670000,666055.9067464286
272461,263288.4797009617
240000,231750.04494424278
180000,190130.92976390853
850000,807379.1276365743
1590000,1621027.0251518958
170000,175051.18955106373
360000,353878.7659899913
1380000,1219440.638244812
1500000,1543305.931176267
263000,251936.02750482335
162000,162904.64568214174
439000,441628.7835567568
198000,211914.98645965516
940000,942952.0177238802
1690000,1745137.0433469203
143000,129253.8502306818
1590000,1659936.5305027147
315000,324444.8007886792
255000,278806.95187641215
128000,129966.3279821519
122000,123417.13604889739
285000,264694.4199161586
189000,185563.46492562242
599000,594930.8978146069
820000,863013.1913907229
470097,466758.1431564537
1300000,1199037.7277091153
139900,131467.68528774625
1400000,1529045.390325186
1175000,1128543.1535764874
540000,531992.5218646774
310000,294951.4222146507
698000,736483.8425510543
595000,594930.8978146069
2355000,2330376.3178165015
259000,249986.61045511
424000,429984.1480214159
237500,231880.4294987224
1590000,1627804.6785686167
235000,299542.3536421214
922000,874888.9724232147
128000,124345.57874014623
670000,652923.8267201533
390000,437411.12988139625
102000,87689.93216392418
218000,208025.61270720698
175000,169923.6841043382
3000000,2996762.21972936
950000,953876.6696313121
171900,185176.33770229193
2200000,2106999.369112995
390000,377369.3059046872
690000,711900.8546694444
275000,254036.88161838977
219000,241032.19144457346
460000,464523.7070415844
3200000,3500839.867912477
440000,435238.57505843666
505000,519757.28591727105
169000,165435.46193272914
850000,809955.837861876
268000,285850.68075792515
149000,131401.40451910027
339000,342530.72138861613
519365,514712.8533813345
575000,587970.4135241549
437000,455452.4802850073
750000,719081.1835125174
290000,326268.8705243795
185000,201228.223399916
105000,74482.48536241117
620000,631708.0334413301
440000,446345.3056649098
1375000,1236485.272990622
480000,475202.50019231776
135000,160605.64882157574
1700000,1779660.941187117
890000,850027.2593774226
285000,313568.4856191092
275000,310858.04239353
318000,352680.78042696347
324000,309896.6644632841
165000,154678.7302412396
256000,235374.3069367159
307000,320407.722347689
341000,309125.79737491894
510000,481162.5660383924
149000,151789.26107591775
530000,508791.1976743105
304869,308557.7929125243
2650000,2595794.633322695
399000,399502.4613404528
465000,439746.5791671663
1995000,2013574.224691416
620000,622568.4765227578
124200,116702.34539494045
382000,379372.9078675488
1004000,988599.353978424
1280000,1142821.5067432704
328000,318686.3161459827
139000,128262.45718642657
650000,660466.3716703894
147000,149572.33706894866
150000,192347.18610772805
570000,555330.6082237776
740000,747319.0021878327
1600000,1591381.0667697594
135000,160101.50919863023
1430000,1421150.8132495931
940000,942952.0177238802
641300,629743.3974076613
1175000,1091083.297584749
775000,742209.198537438
310000,293313.5511159158
315000,329000.10212341434
225000,237071.30620166275
1653930,1674662.1437147262
590000,600229.7888181206
825000,775254.5864653056
355000,381778.68098657526
165000,156794.46257930287
100000,99327.23663026952
395000,395447.7226692502
99900,93800.4823890849
382000,359296.9033425667
169000,158787.4912141137
2490000,2447006.74903666
214900,197298.48542841914
166400,171530.70827533628
220000,257572.3765053052
615000,589878.6820128284
405000,405598.0449296304
330000,325118.316023737
210000,198539.05552501173
219000,231796.6307087269
225000,229298.91222213674
1090000,1178334.3841176212
400000,414910.9139035991
117500,100967.83858403782
133500,128001.00103618733
225000,276798.28423500346
960000,888583.152302381
485000,471219.51381152164
400000,388072.56701515766
2200000,2149472.5269075655
499000,523051.74040715233
875000,976793.2711547902
230000,218487.18188190632
712000,675118.3867157331
295000,313075.0624143672
930000,966138.7381861681
318500,296503.8115375322
829000,808401.098935951
260000,283761.57925580966
800000,786558.5278577746
375000,371231.4004242007
335000,356751.384580966
172000,167158.26297080336
575000,550423.753107842
700000,697701.3149182188
140000,131467.68528774625
125000,126467.56590773442
135990,194600.0709996447
176000,177673.85143514673
925000,883441.9706619798
220000,246428.18081221625
695000,754627.2000405687
150000,144596.90681278158
189900,212753.78649964154
420000,399801.7653758192
1599000,1607433.3371630134
273000,262744.47236020875
180000,218762.44687464437
252000,283042.75051758694
230000,208827.28326312106
110000,98203.02097874937
259000,246768.92902124763
103000,94867.35271295934
99000,70091.69542781234
185000,205531.84366473346
1800000,1826531.1816276803
2970000,2952867.6530704163
480000,475714.77713324636
900000,920716.8246648845
244900,270180.8235676006
550000,523730.73156516213
3500000,3420056.1930932803
895000,934647.1254278976
1350000,1125071.7472831095
128000,124881.49996829586
900000,867098.9223974796
1940000,1942471.2914984694
189900,194959.9323767819
280000,294912.057219725
425000,435142.3822251712
119000,120116.09361206257
2250000,2236549.4654483614
630000,618330.723906278
198000,173685.2298448978
819900,826023.7617117077
156349,153911.17109159555
104900,102859.97929945543
2200000,2249702.573700145
1150000,1039115.1462744726
515000,516712.0868476292
299000,318436.06667480094
665200,646964.376743416
220000,192352.29135447752
360000,355264.52845315036
857000,825686.2281687995
369000,389456.07732866955
650000,637694.034259665
2200000,2199871.452059142
454400,482836.5136013921
220000,197984.56563380366
675000,710994.7132374409
589000,606615.3732537112
2250000,2212649.1571041862
256000,262995.99738907564
290000,285557.16193390073
298000,308557.7929125243
330000,358820.144816062
245000,266064.33531461837
420000,408066.77983667183
189000,194811.13031139853
540000,555738.8873080818
655000,636759.3657172917
234000,259872.0571100336
139000,153671.95604780543
180000,225637.15162545795
270000,265061.8997639953
189000,173685.2298448978
2100000,1945958.1374143322
2100000,2119452.903103707
537000,531636.8004752818
1250000,1301857.9071324759
200000,188885.60858556925
116600,117350.93955830055
2150000,2118568.8109039427
385000,396816.5682252381
120000,119963.00005340078
1200000,1064360.809239675
895000,871577.7387007194
750000,702405.1457518752
875000,855090.2729826086
339000,371081.723920816
845000,909540.682093063
105000,95760.75329500253
1700000,1609959.1924821178
470000,448168.23992877454
240000,280507.816930297
299000,342316.1613834722
640000,617499.5860220745
1850000,1878055.66878647
99900,102989.92676373599
410000,471507.23215576855
226600,206255.63867920137
350000,332269.60854071943
240000,235009.77763391094
129900,122355.83268608665
830000,898244.820391376
2200000,2165397.4579257932
490000,501159.63064110756
300000,297462.9619079017
167000,159525.4278221859
850000,840444.3155816132
4100000,4278541.281851096
1950000,2057231.370723715
175000,163714.5538666036
333000,312510.12526243244
270000,310339.8567266568
2490000,2548428.8085215855
1280000,1351742.0624456392
319000,302391.9008503045
229000,219585.34573286437
375000,428324.2839083377
320000,312510.12526243244
791000,791660.5917532903
275000,348802.42531918443
895000,971833.718140123
395000,342883.8620161861
325000,346222.7681996575
750000,727799.5220918796
147300,138510.24909085955
540000,537280.0205718492
267000,260942.26624201302
100000,92671.81514817839
147600,139836.54448564094
350000,352472.9837714134
190000,184978.45008271033
135000,151359.07469826087
360000,340082.3037246131
353000,310509.6039700796
435000,419789.8210663775
359000,378676.1427335515
1690000,1745137.0433469203
480000,495516.41054454003
199000,210501.1343103133
278999,290847.96030690055
795000,796329.47372154
428000,387425.4537379326
725000,741293.9890084405
430000,417254.2164366286
75000,65005.59804363484
100300,83693.83700250096
520000,533686.5205140882
88500,76218.16049085357
99500,92375.1485485575
459000,493596.14511837857
164900,159541.4819887737
365000,393235.69146697625
345000,388137.6175187668
429000,441173.8762037867
235000,256332.39777643708
640000,593789.8304587118
450000,420852.7120573865
127000,117350.93955830055
466800,499348.39985859
199000,173846.7236110754
233908,259872.0571100336
228822,215784.02910392964
165000,168539.75931419403
280000,264014.0155400574
2900000,2810052.6904898076
530000,526117.5810857716
750000,796329.47372154
695000,684222.702988572
498995,483380.0387710953
310000,276320.8114893084
250000,303483.99398227676
309000,273890.05854760774
99000,94357.21029692172
3130000,3285854.45175506
420000,407472.90608542145
245000,295127.32786532043
900000,941364.2572350627
240000,293359.5755113885
120000,114908.67187455372
320000,322814.6568676602
260000,238759.27375087683
280000,276523.5399584863
695000,709036.8587657777
625000,608686.0729147833
2200000,2158589.8380081323
1590000,1543035.8537930883
220000,200415.31857550432
576000,589345.5760497573
890000,989901.3475014485
1990000,1807015.4518052333
465000,504991.6199551575
350000,371081.723920816
165000,172892.75999708608
126000,126467.56590773442
215000,221291.05426629135
695000,705288.908198345
810000,800541.6497767795
485000,487833.88530192774
133000,116749.77245398409
1395000,1476989.9575727338
149900,142407.86774663502
360000,356343.44421620894
549000,591229.2998208326
130700,130510.33532290478
450000,473346.03760797664
174900,187713.57199040745
675000,637525.0909127243
385000,373575.6588686926
700000,724138.5728753407
280000,302014.0871153779
600000,591000.3397040352
630000,669796.6246838106
175000,172240.02386850902
255000,234429.80246673516
795000,852769.6251137116
849000,970921.9200601777
550000,547111.1879703513
414000,405543.1864538162
493370,505293.7010069839
1800000,1706743.2925429957
3300000,3443393.073647528
430000,421857.1029498475
395000,434574.2400820169
910000,867662.2203408934
725000,703025.6854470581
682500,698519.890807541
115000,134028.56760643196
885000,1001472.7169681696
210000,253624.11773858924
390000,396421.5133890396
499000,471348.6692412667
365000,386258.8966207399
131000,124338.0285363257
825000,787615.8770714174
170000,153750.02718976466
141000,135384.56373402657
570000,549880.5945098237
149900,162423.20008464006
360000,365669.6915787657
95000,77452.10779702337
650000,669796.6246838106
129900,134510.1282960684
948000,969577.5670107295
219000,215761.9491397855
2500000,2478266.730240432
394000,420232.32852989424
389000,376319.8390141289
190000,213007.51933376526
69900,40599.40517187199
223000,219014.43866343974
2100000,2108819.508101814
690000,775678.6952024077
168000,170612.03583452827
539000,574898.2795502231
218999,198539.05552501173
309000,322671.3628103928
571300,532415.1253774582
999000,1017818.0149773358
157000,146615.47714921657
599000,611875.7304610622
225000,215953.44113993229
279845,267723.1622336884
240000,232143.43198340107
179000,195255.2662102199
175000,176485.51792071352
650000,636597.9054250158
359900,379220.15007430443
150000,135333.91092466016
149000,148036.79675442821
240000,264734.01492988813
4400000,4338742.132581399
156000,155647.77993646148
955000,927878.3748695004
415000,402139.2562473254
1050000,1027926.0197400094
565000,598071.6205565865
1100000,1163032.216700617
335000,314800.0730723394
832000,892603.3824763749
890000,859419.927271644
340000,360195.41362047556
310000,325795.6322785336
165000,180052.00125598055
279000,286609.1789030639
200000,197624.86043946445
172000,184784.92183950037
550000,541419.7247750207
99000,93800.4823890849
531527,542097.6602816833
108000,110831.92186461492
1575000,1523585.522702025
460000,495960.6805756216
1350000,1434821.5180127532
99000,105370.84472105972
140000,154837.75858924096
555000,509063.4696693869
340000,358209.05667725694
250000,241622.36583475943
645000,654749.9278576156
320000,318964.566372253
435000,447084.00004457444
1340000,1286944.8080626088
1272000,1405351.0627828964
1220000,1212592.8107895786
385000,394959.41803919803
594900,594930.8978146069
1850000,1977732.5998623422
495000,514500.3376900492
1100000,1023205.5122702728
1490000,1388812.2205324345
4800000,4713289.842034576
457000,469938.58388219535
720000,689777.3031395288
699000,701942.9922464975
615000,621704.6318341397
1200000,1133239.4595202736
2800000,2649563.427259199
230000,211680.6015805696
549000,536609.4010953062
1750000,1700362.5596385235
125000,117894.94689905344
1800000,1759477.7260853385
114000,114364.66453380084
2900000,2919722.4518633373
470000,448168.23992877454
77000,70210.74073061174
268000,246703.9346662631
790000,796329.47372154
2260000,2208241.4647042095
2200000,2113726.336102325
175000,179958.70288232315
680000,672144.2841760265
145000,146065.85800312867
565000,571750.4685021149
460000,471230.3867286359
124000,117810.58213884497
225000,206255.63867920137
495000,477808.2307197554
1160000,1162610.9634402168
685000,650950.0874749039
1850000,2030855.3499392401
220000,204990.4702495498
349900,449679.81721514254
799000,782320.8428822326
254760,299425.4191295029
458000,496688.7416384963
175000,158995.59041633774
385000,403749.87299116823
4300000,4340599.254207592
850000,948712.7111024708
309000,324296.4506993823
2040000,2032487.1798423326
1950000,1814260.5608728619
299000,320742.3803473259
405000,374228.027568892
406000,388907.52393275837
199000,235042.65219085425
3300000,3254755.9640402677
209900,187613.5697470541
247000,262783.0296175299
440000,471999.60166739783
152000,135464.98154548218
875000,916126.2161191049
1390000,1247052.5202869792
3650000,3723103.2143167555
1500000,1408872.876366152
70000,36068.36066995251
998000,1025572.6515696398
386000,421787.3311981498
755000,715264.2716004611
550000,518562.66504371265
255500,245822.86856483278
495000,477937.0640204519
600000,520789.42059074424
2400000,2408389.643681594
985000,974718.7486511307
120000,121395.8482916648
271000,285636.96185584425
840000,753284.0641208568
2300000,2313426.743837235
430000,419002.52688916033
2800000,2606108.956494683
235000,227978.30397475857
523127,500522.39720163576
1575000,1615310.6613042925
825000,972754.3650039595
890000,905128.3531256382
125000,117350.93955830055
750000,747610.4391462032
649000,795466.0648191891
1595000,1528141.91498472
800000,943894.6212848228
485000,490414.2902848237
750000,738564.6511801023
167000,153206.01984901176
1950000,1807354.6222710786
215000,242106.47672723315
875000,889938.7235557023
509000,524042.19248837756
2950000,2905710.233982731
580000,567442.3891176052
1250000,1289818.325331393
145000,141610.7413526749
595000,617499.5860220745
570000,552752.5454750556
275000,262744.47236020875
169900,147901.06195183212
400000,374145.2044387542
4350000,4402065.930748848
794000,753377.2354584074
275000,320045.2206954098
168000,182464.70501802303
1500000,1539086.7294580603
153000,141549.50871620426
195000,200698.2007783473
495000,450057.22141106287
285000,260562.76265348183
507000,510484.0745695918
780000,759210.7962818226
270000,261008.2284216976
270000,262383.3358057726
250000,235644.6594889339
465000,495752.55658058997
2100000,2009163.7476993771
135000,133465.90405443785
1450000,1347693.6951788564
147000,138516.25848283275
410000,407108.8708437715
1695000,1677540.521434345
990000,986862.5620123056
300000,333678.2203464252
1070000,1117023.0163583418
175000,209369.72396346807
1600000,1532839.496287881
395000,420905.83220256056
98990,77928.98064076455
270000,261008.2284216976
179000,195255.2662102199
195000,195984.83459002216
1900000,2069755.329603834
900000,898153.9797802768
100000,68339.6326688165
355000,339436.9503501923
650000,602303.9252988395
1690000,1667145.0395693574
185000,218488.2878966154
515000,524820.5605411133
249000,292755.0904200125
165000,159444.4726721808
145000,144596.90681278158
4000000,3845279.9991043927
255000,301470.074477072
549000,588330.2567460086
264000,246159.92732551022
535000,610305.9887490886
285000,317884.1693587301
460000,459606.854356254
155000,185243.81727006665
418000,438796.87943565747
210000,207736.33787419827
530000,529698.2016351522
90000,74345.71712691837
170000,159444.4726721808
367000,338764.8403112554
425000,436885.9113984724
850000,861311.4838226287
135000,135275.74167913807
275000,256841.43972662065
180000,190130.92976390853
295000,298818.7219926398
139000,131467.68528774625
315000,373995.897699237
520000,506815.42074265645
575000,588049.6956641705
175000,161719.18192179172
1495000,1540071.1514121706
1600000,1659936.5305027147
207000,249711.1563023009
220000,259479.86991387003
780000,737460.0068062857
375000,389912.93769689824
238000,232163.45472993518
619111,557620.3465389308
1850000,1856730.5470021253
520000,533686.5205140882
88000,78713.56095338921
295000,329992.3570816949
126000,117350.93955830055
1890000,1757489.8873560813
189000,168560.89339858643
370000,358454.33969435206
645000,626231.432882506
235000,231544.79625179208
127500,124388.68134569208
1950000,2057231.370723715
255000,236525.72559036422
350000,348121.3799292349
688649,764219.9251435425
240000,219057.8919542025
890000,853735.9075193313
95000,85005.70125982554
1100000,1079439.1576355929
110000,115922.38665004433
142500,136387.92158710866
1490000,1402522.0603158886
369900,343820.5430985974
415000,414778.96731958975
275000,255844.83566776474
215000,214938.33669091016
620000,540709.4588789874
850000,934307.1300200174
99000,89753.08722605441
995000,970935.8178476116
690000,665755.2597491931
266500,252053.90726946568
865000,843640.1769505576
425000,433114.4853426302
698000,685082.2879252816
1095000,1092182.1166643472
84000,67928.39071595452
160000,185176.33770229193
490000,484249.11952688213
257000,244089.51664869557
1100000,1162389.317993968
157000,148837.91186996698
475000,497533.73730922665
125000,113802.19462775785
360000,357547.69188866246
199000,230931.76795587133
1350000,1350970.2477913843
490000,487082.0655934042
740000,708048.3658484427
420000,402555.544169698
279000,279533.2007742522
1975000,1933670.1683764332
175000,194958.16145071562
365000,387678.7785767473
429000,428409.7285100403
170000,192597.03554476437
740000,849104.7013369149
180000,185481.64006686065
2300000,2299441.7244753265
790000,775252.8042837394
288549,268604.2283351188
550000,558345.5556181803
2000000,1988996.374589407
2650000,2536722.4391729264
1395000,1379878.0303206188
440000,446345.3056649098
535000,539982.0094023426
195000,229528.3497733793
895000,934456.003568388
230000,271043.1920775007
340000,330981.6920116496
225000,259661.47800742064
495000,506388.38268644025
290000,323573.4631847743
845000,845572.1510179075
2050000,1982538.316284931
385000,463691.61841856205
295000,282385.33872726315
550000,587526.3146272649
340000,318859.4462913926
130000,120141.67564134706
200000,203486.42603994207
199000,178682.17055072368
610000,598085.4246405254
109900,108373.67527325248
235000,217194.01123652488
460000,481823.9810863999
184000,184049.31421432726
1750000,1721962.790116533
1600000,1635597.2085590374
425000,436027.89966025116
1237000,1351514.8017282593
840000,878360.1186257247
260000,308619.11360340816
825000,811637.9204617532
110000,103507.33416161578
1549000,1498046.5183131555
1200000,1061920.072554012
675000,874590.0409030205
425000,443073.13883579284
545000,539476.9953552216
85000,67894.52579123926
138000,148584.754902023
126000,117894.94689905344
1690000,1632195.7207803898
355000,356927.07608608017
480000,504719.9364475821
599000,594930.8978146069
890000,885581.7220981863
1599000,1612530.7677372615
370000,372890.2861405003
120000,111359.95029775219
190000,197901.65803501665
1480000,1433350.2959134034
4250000,4435660.99975796
1240000,1214976.325369361
399000,412015.31163714884
1187500,1281735.8919474697
599000,671640.9557950916
1430000,1344596.0787431565
449000,458664.38511199964
158000,148240.8602414231
285000,270479.65496641723
1300000,1375633.3158291965
159000,162098.41177755425
420000,430474.0995042332
525000,517408.5203105848
990000,1063107.8971987662
94900,85005.70125982554
165000,184332.99960033395
130000,119591.01859807485
1350000,1374080.3635942752
206000,181044.52664403475
158000,155145.89171919963
230000,206255.63867920137
262500,298079.4848595948
215000,254194.46041888653
364000,397099.3106738754
670000,687726.7345827104
1125000,1131954.890893266
145000,171271.26496396912
325000,357956.7111652168
800000,742493.0226900441
130000,142790.23354073762
210000,203119.38463057022
725000,703150.8564191643
670000,658567.0468167207
840000,850967.7255598583
250000,257150.7302182662
273000,283575.61247651826
130000,116109.59938218357
122500,123961.14338965027
2990000,2857192.2830677954
400000,396784.06093956745
325000,344377.90211030236
140000,141029.14598975398
195000,223885.66149101392
1575000,1523585.522702025
1460000,1487142.925281424
139000,128828.96991257137
157000,159726.22082475811
251000,286454.09972263896
1780000,1630722.0681671216
489000,465613.9338248496
250000,288529.8055060889
1400000,1463478.265617709
149000,148719.91434454272
595000,583518.2243132236
336000,294273.2082562826
1290000,1393401.0058398957
730000,708048.3658484427
135000,128060.991364934
920000,962975.6538155301
160000,162098.41177755425
597894,640974.2770551644
337631,412498.6362998967
2150000,2234559.7926216885
415000,436522.800180896
146000,148023.78517159965
185000,177309.18220860595
7900000,7821457.04401918
1850000,1782117.4145040608
135000,137121.88975367328
410000,405859.5124863265
235000,239705.86410382134
1090000,1128273.938656813
415000,429697.2264051173
210000,220044.1607562098
124900,117350.93955830055
2800000,2737892.1902105985
147000,120255.25657534583
350000,350530.8075572038
195000,232220.3541096955
535000,516376.374355886
148270,140245.43031218226
140000,130294.79221255078
960000,923648.8791378379
259000,293010.2611521546
260000,320061.17894976627
125000,126467.56590773442
1300000,1311963.4033743727
518000,504444.81720424676
469900,473302.6632489702
589000,612258.5933502788
489000,501586.67630926345
115000,115488.66429673857
875000,835004.9037215502
3010000,3015470.1259211693
1950000,2025714.168298839
650000,679424.446446516
1100000,954628.3851449296
3500000,3628894.1893710704
170000,161794.50980778353
3960000,3875681.546452318
215000,231828.2197428822
339999,358686.5057584904
145000,151110.67295790167
825000,787808.8328178286
139900,136513.88780267953
1080000,1149704.650353427
575000,596643.5598006026
357000,352439.3070663729
375000,397226.06773766124
129500,115445.01115131873
165000,167334.6063968741
860000,874888.9724232147
249500,230714.04253951058
180000,188056.7497174722
255720,245754.72049093188
83000,55856.96823361521
159000,154600.23474153268
315000,304805.9896616885
156000,151500.02375668305
450000,491057.93783452903
635000,669796.6246838106
930000,882197.164664496
320000,337454.9379093283
590000,607479.9081273887
1500000,1527090.2807612992
225000,197984.56563380366
179000,170467.6914450911
99000,89753.08722605441
230000,226093.44260549388
250000,275646.00706998917
498000,523443.8953146915
762000,678316.0250153282
689000,680262.7306173241
139900,137474.8002651816
1550000,1573607.4284762682
139900,143948.92331644564
2900000,2919378.6936451006
350000,342117.3804093734
109500,98910.14514985874
1400000,1416325.9525742733
194000,184434.44274195743
193400,179951.79013652945
305000,286989.90960144444
419400,409588.5569647622
850000,807379.1276365743
299900,282409.58049588604
155000,148745.5449549855
260000,237241.71254219723
577142,553346.63368906
2900000,2644158.9181365166
2400000,2333859.6995155406
299000,321297.22831575084
375000,379469.7706362105
285000,319428.04844509315
1360000,1345205.8657148166
675000,780157.710140867
350000,320328.6019960082
564300,553484.6989730862
895000,898722.8153478605
600000,567442.3891176052
298800,279280.20386402943
420000,425187.9721449144
228000,245614.06684237818
242100,276146.9064453917
795000,776924.6200494653
178000,187684.2851617531
120000,114600.32640878674
382000,379615.99796649866
360000,365209.22790336865
154000,153911.17109159555
795000,841542.2499333743
1800000,1764539.2487799854
349000,355008.78032033145
460000,473890.04494872957
325000,372521.67599570705
362000,356700.0038968864
180000,174357.36081686395
357000,393052.579273066
619000,661493.7463671494
890000,836613.8588830207
125000,141409.20458198723
345000,389472.68338795507
960000,1028954.5590345854
295000,323296.56845673
177000,174609.84245100155
334000,329555.9861080308
369500,383643.79763262527
690000,721109.1561249526
210000,232825.77659989183
499000,514748.8620904911
965000,990498.4989722171
850000,871973.7601623737
2950000,2987007.622351585
167000,165335.8925891271
850000,823916.8827166823
175000,160922.6030032014
2080000,2132937.955123545
571000,552752.5454750556
129000,153057.9767910662
290000,280850.6533165963
1250000,1209207.3034361855
139000,124238.77367873826
71000,51115.70862114308
298000,291318.5797941341
337000,395236.2261021422
232000,219041.33839211147
339700,314585.27050162095
170000,163391.8565034511
220000,222497.29836530006
695000,675515.3010128661
710000,665935.0170534693
595000,814984.3852557518
485500,517409.67690618365
240000,237267.76842971254
415000,384995.58411177085
490000,498588.34912243986
119000,119418.9927126479
3000000,2950544.9653228195
189000,168560.89339858643
189000,187830.77745614728
450000,453917.37587756995
995000,979017.8849300473
460000,476180.76098983234
2650000,2590653.4516822933
464000,493892.2339849754
170000,166379.6848126475
97000,79327.54021012843
320000,368335.92029274197
2280000,2302269.885759545
857000,836570.4409371628
95000,87804.32767852083
430000,400661.8205314995
175000,204698.67425192616
2530000,2717004.0645576078
665000,620403.8986044818
760000,758203.214956196
360000,340368.1108896339
630000,628263.7605285528
520000,487200.8986139769
810000,796329.47372154
183000,171075.10275798652
154900,157166.06464335273
850000,807379.1276365743
185000,183762.93282025776
350000,324675.09426923766
310000,318884.68159946555
3500000,3628894.1893710704
123800,128674.9530147414
179000,185563.46492562242
639000,641038.3572957243
1650000,1562041.465799949
105000,94838.99842361367
410000,413497.5092279261
475000,502632.95006504114
3850000,3892697.1194561515
690000,812030.4661276253
430000,483878.33434239984
143000,133129.65074563833
840000,847694.4808802693
925000,903863.9969882617
460000,497095.899545822
495000,463921.15263137553
8700000,8590004.899147628
798000,766425.1465997653
899999,896622.3767764989
238000,222930.13933907918
439000,446360.7182971848
550000,555925.9051684428
2250000,2135693.871337109
110000,105846.25432395515
850000,950709.934213857
130000,116859.00561656407
450000,432462.46240018884
430000,434932.63216352643
272000,257412.4587604309
1525000,1542032.0318366515
260000,232736.02927295546
164000,160085.4893295266
145000,138516.25848283275
458000,473890.04494872957
480000,482992.9327457801
645000,674325.0074467531
1390000,1427067.3800577181
339000,342530.72138861613
260000,317421.9983045194
150000,159632.36241335835
380000,364416.58705107606
1650000,1662003.8579289562
990000,1109955.5746697392
318000,307324.8935190343
128000,126467.56590773442
129900,125046.24630252273
122000,114945.11823610634
179900,184937.63272610775
158000,180526.016429896
1250000,1137403.7515408485
675000,675195.4085747423
3900000,3637162.0952997385
204000,185179.7155410408
198000,191404.50548446368
134999,135638.79553697488
1100000,1216393.7432081236
438000,440034.0175812136
140000,131793.22947277848
2750000,2724190.5602388796
825000,785445.2609531767
495000,500899.6204301916
185000,175153.84979175444
700250,679983.075169467
130000,138586.54891157502
1800000,1840144.724917591
2290000,2308991.5890957504
190000,184306.94016101066
580000,564723.276117999
1790000,1713592.6302666003
1500000,1500139.5510036615
460000,456834.15135077876
250000,240116.16438448042
2200000,2226909.804098909
690541,674762.2308716627
167000,152509.45709317207
130000,124867.2987535728
220000,216316.66331071805
244000,274462.1405453985
279000,249813.01628937636
550000,555925.9051684428
279000,279533.2007742522
150000,149709.4713360876
630000,683572.8591670796
1425000,1446229.5180094752
625000,623142.8061186421
160000,169220.51832515423
148000,141146.26995746148
755000,726944.7210074557
700000,775473.2933132087
385000,371165.57632937166
189000,183283.02408830912
720000,768661.7923020526
160000,295666.51779064484
295000,338733.9346348455
144000,136953.29830982062
200000,191513.3700684127
616000,541638.4109969385
290000,269097.1050471175
980000,962692.9186760677
131000,108323.13961419421
345000,320226.7084166221
235756,232558.63308031706
165000,172665.94621134325
324900,343074.72872936906
187000,211759.98656647047
145890,141029.14598975398
174000,181357.6402296626
259900,236525.72559036422
760000,751692.3602105012
380000,393900.4581712243
250000,232985.5568132882
2680000,2592250.6072579143
745000,747319.0021878327
540000,523051.74040715233
439000,450656.49237890495
595000,594930.8978146069
154500,167214.43929762585
140000,159505.00224169335
1900000,1901736.2030981383
299000,310028.3511495172
1690000,1739995.861706519
156000,144152.36439751278
189890,199674.8704467998
130000,118469.00105968767
1465000,1513831.3438531952
2200000,2285794.2587238527
395000,415571.58410869236
170000,175494.7117979383
345000,312102.518703066
550000,633108.6760986135
2150000,2234654.2928205337
825000,788457.8473329151
133000,131437.25454077864
170000,190130.92976390853
539000,542234.7229378294
920000,909163.1016268936
238000,287681.784134905
2200000,2263490.4656703523
3500000,3658349.3388924715
950000,964621.9536233954
695000,694367.1986741938
430000,426083.04791513266
1600000,1556545.8863626823
280000,321905.7716127795
350000,376807.8175316392
550000,507680.01642204914
520000,517988.68819270376
149900,142015.02055725025
141000,128285.33772957367
589200,549183.3840803887
1425000,1417858.9313130926
520000,525520.4753141938
178000,168271.2605351672
150000,144596.90681278158
415000,400245.3080156439
725000,780202.5254753713
2350000,2384054.8950388427
85000,63500.20157882098
129000,128674.9530147414
690000,701942.9922464975
259000,272877.7128942074
363000,384251.1571265002
2100000,1945958.1374143322
440000,403114.58299524995
480000,494431.70184430404
99900,91139.99594431085
475000,500793.1497061923
230000,215946.1260364529
378000,388178.831411397
978000,912764.6663694746
145000,138516.25848283275
155000,146780.4269134835
293000,293162.66627906234
655000,668695.4360903777
1150000,1168534.1771254737
780000,753167.2106743112
140000,143948.92331644564
639000,624446.508508211
159900,152509.45709317207
152000,170223.67852759646
549000,519036.0325759797
390000,393165.9639246926
780000,763779.649162098
1800000,1833839.1463085506
134000,130480.16108333593
199000,197357.65069426375
130200,119861.01455912452
380000,379965.95405416953
335000,290477.7427362599
765000,764327.2172327357
449000,480111.5566710068
1980000,1821609.4211366633
481600,469484.06797568436
660000,669102.2087293697
4320000,4292834.291411778
371000,377292.3198332394
95000,71251.2523357513
155000,142876.72587318113
265000,261148.3705835783
2200000,2205012.6336995433
360000,318859.4462913926
140000,125248.37574457664
495000,468564.6474132818
200000,202397.4983059843
489000,498239.9622100979
1560000,1528469.2342509327
130000,107603.60684111282
575000,586285.6619844943
522000,517500.258449497
218000,244357.76604591493
460000,484834.32621279603
890000,811263.7870737854
650000,631795.3706884079
540000,564381.3115919865
1250000,1352917.3960640044
235000,234493.24083528557
179000,182739.25891490674
156000,144152.36439751278
159000,155145.89171919963
150000,144052.8994720287
1500000,1559677.3664189656
850000,832114.1411688678
890000,869609.1198576934
224999,227621.63481161153
700000,665725.7188215117
135000,120619.2238412208
123000,117453.66576668333
520000,533686.5205140882
998000,925592.5592400185
665000,647996.5120909667
665000,637112.2993226034
405000,395828.2705500806
1750000,1698104.5668386635
170000,186782.6228004948
391000,376510.7586053954
123000,117453.66576668333
271200,253519.78014969997
1599000,1586728.8314021104
1240000,1288687.361713709
1550000,1492981.9670225433
485000,475962.32146906387
165000,162194.46491428613
200000,188334.7836996046
269000,270607.0222267219
165000,158049.99364349782
97000,85440.13296954877
475000,461958.4877970901
1500000,1511017.4998870296
375000,362529.6956143068
139000,143835.9038400692
950000,964050.6671186754
99000,87689.93216392418
135989,126194.63516662954
377000,388521.0967893872
1150000,1118791.6104472675
665562,699971.0707161328
350000,351031.66010982206
210000,197521.23291983225
375000,387240.46122977056
520000,533686.5205140882
995000,1043045.8374677806
1460000,1475508.781124403
544100,519036.0325759797
2599000,2439892.285039698
650000,606615.3732537112
145000,139754.78951570133
160000,200046.2851167345
299990,307954.5496897665
640000,683572.8591670796
1450000,1484471.1661800141
790000,778534.2052100672
189000,215202.3631012027
360000,356343.44421620894
188999,193808.80550326762
198000,176821.48389352896
750000,684874.0654019823
547000,604654.7206687907
110000,103507.33416161578
125000,118298.10982136712
192000,221075.84874870328
299000,279617.51516914985
345000,361656.1942771036
140000,130873.02513762694
156000,148665.2882827482
320000,350251.5684373851
119000,119418.9927126479
83900,80307.4941291798
452000,427404.623213776
139000,130480.16108333593
126000,117833.08752423688
1200000,1326052.963584388
359000,395730.254149936
130000,147933.64034475482
623000,586722.4378896854
155000,161269.49216671276
259000,249986.61045511
236000,234493.24083528557
278000,261486.27358276592
790000,770572.9954639088
400000,440629.8688630338
645000,646928.908421192
365000,362907.1435459448
365000,376558.70967264444
99900,82576.281286166
114900,123467.83297368223
199000,190860.49814371078
795000,772315.3626131895
129900,136662.9781872668
695000,705832.9155390979
950000,859419.927271644
269000,249198.20638141484
49500,28906.901712859195
509000,518786.9528862529
109000,95383.00576436655
4950000,5061693.843569208
1950000,2081802.879833996
146000,123761.63247016197
470400,448168.23992877454
250000,285380.94510560343
133000,139722.56052607676
194000,189228.47639770905
116000,110831.92186461492
128000,125543.42206685663
295000,325268.22412961803
139000,179929.6305431359
890000,870037.8754901165
140000,137065.83405792317
2200000,2232718.127233145
710000,744289.5854374446
650000,646610.0123668665
155000,167222.74822386572
134900,135275.74167913807
347000,315132.00263744604
240000,212613.68213096634
890000,885581.7220981863
120000,119963.00005340078
260000,251936.02750482335
785000,827317.6617097396
525000,484541.2403938832
398000,404972.12126633996
99000,94323.34537220646
495000,477808.2307197554
544100,519036.0325759797
250000,295097.9003656619
549000,563282.3967295999
690000,744442.5154670844
3250000,3432825.8263511704
326000,302391.9008503045
175000,173990.74939160733
89000,84933.11088839795
1350000,1284156.956077105
595000,606615.3732537112
220000,247208.97569840006
905000,946989.1179836503
269000,249134.59335139755
280000,360753.0453050114
169900,176269.09152024073
695000,694441.7956439777
400000,384891.31146053365
3500000,3490557.381204061
220000,229174.6748915494
750000,728341.7472510663
630000,625807.2652230257
205000,204271.75311444936
255000,261925.4523572511
448000,457456.2284252487
810000,824693.4201995409
270000,294912.057219725
1460000,1480014.535535319
139000,138586.8783060072
220000,261439.15944162002
82260,64699.54143232633
360000,315914.14142790955
265000,283799.3871118141
2750000,2713548.6214243798
204000,184516.4376851767
2300000,2387240.170960722
399000,410086.63713064237
275000,304900.1498811071
650000,635386.6175042287
455000,447936.68624508724
665000,648409.3036810876
285000,261777.8719193417
92000,78555.06941873278
135000,131024.16842408881
215000,253338.6269247767
1350000,1378138.3473013437
200000,183939.1454444482
135000,184460.84205674223
1091000,1026325.5165579293
187000,174936.62252426427
289900,347467.66773045773
1690000,1778877.7737340513
577000,566923.5054673491
580000,594930.8978146069
330000,356941.56885613553
300000,320242.4941003752
550000,560109.8722154654
1850000,1974063.5771303226
434000,419789.8210663775
2900000,2978452.147633959
790000,820351.5171118757
660000,634880.2443715658
1290000,1142544.9331812498
554000,542120.8747911811
262000,288319.18320750643
300000,279776.5880335646
258000,272609.69227761816
210000,185940.89516539473
2850000,2765551.365657937
325000,346222.7681996575
437000,454769.50230441254
1050000,974553.5510144444
126000,112103.84844008579
155000,147502.28321623866
225000,227502.0268366217
155000,154601.88437844673
945000,927035.0911729272
135000,133465.90405443785
185000,218452.76944202353
256000,257647.63734925364
354900,314585.27050162095
660000,652923.8267201533
595000,571720.0485236893
1150000,1160424.6819602991
300000,278254.9752500036
580000,605815.1105829702
650000,637112.2993226034
4500000,4579664.891074528
119000,122588.35158131213
398000,401553.99857482105
1500000,1491640.0172618476
180000,200804.59366128108
649000,625634.3271109284
1590000,1608474.894906214
535000,537137.8981631158
490000,513145.5149712517
1950000,1915191.0826632085
175000,196168.85531416818
860000,868517.9107792234
260000,261645.89347449256
370000,356700.0038968864
696000,713461.5220439319
900000,860496.5761882238
3825000,3946078.7688580602
349000,315914.14142790955
470000,501795.3562247039
1685000,1564969.9059661485
270000,256023.68048717457
1250000,1131018.5879549584
299000,274949.4392843456
350000,339954.0518188821
609700,639069.1465495845
489900,484541.2403938832
1599000,1582779.9633189093
194000,186486.14927980382
292000,293706.67361981526
300000,313066.72465130256
550000,537824.0279126021
210000,216447.58582649947
127500,133786.4980331425
1110000,1007288.5857193198
149000,148023.78517159965
164000,162194.46491428613
320000,349655.43717673025
755400,691573.7858698019
870000,822079.6265702181
310000,350064.9985586918
877000,933060.2359389758
155000,155583.84567325492
410000,422763.68684695987
489000,505295.2566904291
195000,183395.1381036953
830000,809191.5105534511
85000,78661.57595059727
450000,450656.49237890495
595000,596983.615813966
230000,215946.1260364529
1250000,1325423.8046854457
3276000,3309686.6963640745
730000,713437.96341595
145000,141610.7413526749
490000,478522.1303832082
1850000,1985347.6904272619
665000,695924.3128280075
199900,224020.677092784
930000,942618.9323363792
4000000,3937156.854839854
700000,715842.9763705777
2100000,2031933.1966858904
365000,382970.5215668836
2100000,2141236.7811141866
130000,134510.1282960684
1015000,1041418.6791846909
660000,638469.4666425784
520000,528292.7330789481
120000,110815.94295699931
148000,139473.5953758021
620000,825309.1359811196
165000,156794.46257930287
118600,106721.43118859506
190000,197075.00784432926
569999,563879.8536437495
499000,512612.4071414941
590000,579864.20568729
895000,853138.8017477536
180000,175335.9211801266
675000,705213.8455694949
230000,255605.77253186415
560000,531992.5218646774
1790000,1840900.9856154234
675000,648409.3036810876
999000,994533.9343223136
664797,645342.2878955653
215000,187613.5697470541
150000,142977.14426986597
670000,658638.8168990244
1600000,1652395.115659899
580000,549582.6553062208
564000,583626.0037644007
229000,257771.24937664776
251650,235374.3069367159
360000,379788.2369302717
525000,532359.6420368119
272000,251172.84116803535
167000,162152.4562759335
280000,274536.99739620346
550000,578186.9187909352
1950000,1944883.1426173232
650000,557739.959209268
280000,306175.37614848756
580000,581493.9284682209
360000,388585.5320665685
375000,356343.44421620894
470000,458580.8600511286
349900,388137.6175187668
164900,156794.46257930287
2200000,2194143.6597708305
269500,243924.09996713127
243000,239798.07857369373
990000,1113624.597401759
410000,418182.429422355
2950000,2718668.144386806
145000,152661.5049119618
1150000,1079736.1715724668
129000,134510.1282960684
1250000,1182536.7094171213
278000,270607.0222267219
229000,228046.0341773746
169000,161799.35570708898
330000,346430.35322291404
130000,108608.1812729341
359999,373426.7739401073
229000,229174.6748915494
905000,874429.5713805106
565500,551322.4466374075
198000,191146.56723999113
1970000,1878723.9123915704
2300000,2261345.7278424012
4800000,4713289.842034576
1400000,1469112.687811871
485000,517449.3579854297
368000,380714.18148046336
127000,114826.87877191672
135000,133629.6179157201
128500,117894.94689905344
234000,217194.01123652488
447000,473890.04494872957
162500,152509.45709317207
398000,427176.5667484346
145000,135500.45445295091
485000,468848.99386244
155000,148046.29055699156
829000,851940.0957901692
679000,755995.3705952727
334508,329555.9861080308
2600000,2523521.3503608103
349000,329661.2217508477
480000,500793.1497061923
1780000,1734818.1606961566
650000,620164.045126458
510000,550796.5572211806
126000,110251.71355384766
162793,159724.5711878441
395000,423436.5459870628
630000,616923.5164278866
785000,891619.3925349504
890000,910269.5347660395
950000,984920.8418828828
180000,203084.9324961927
218000,249565.76005222625
229000,217194.01123652488
97395,84896.12562879588
298000,286989.90960144444
235000,220330.26528515597
1095000,1121368.4185430934
1625000,1639349.3447737223
780000,723950.1757465738
835000,898244.820391376
890000,898244.820391376
3900000,3686294.774081105
126000,125046.24630252273
540000,533021.1242386015
795000,757927.8284722525
127260,109707.70621309477
370000,647632.2129116183
100000,91139.99594431085
181000,179734.17889731293
349000,347005.34546362556
2000000,2059992.3376793456
279900,267179.1548929355
203000,188106.18661053432
142000,154523.2692920357
240000,238741.79435073625
320000,304309.41037747666
334192,329555.9861080308
755000,778720.166294327
328000,346223.8113609939
410000,410482.0057484337
2200000,2289935.1085525067
400000,377375.15202406654
85000,58898.07485471262
1250000,1429481.5740310438
260000,254566.93956066848
140000,179929.6305431359
126000,114962.62516487153
840000,865812.7421089399
2400000,2349559.8288150555
585000,618564.6869606897
698000,652978.5277647717
240000,228761.7008470214
950000,975954.7806147939
390000,374145.2044387542
175000,153750.02718976466
170000,153750.02718976466
108000,98910.14514985874
890000,818500.597878957
1700000,1648180.7232791688
298000,324248.2641936308
136000,123077.22544302836
145000,133331.02673943454
994568,985222.6660666654
890000,932261.1730170319
1420000,1522573.8757573192
135000,121263.69317973424
680000,665755.2597491931
429000,418288.3190795774
230000,214461.009286553
99900,80977.32984351013
375000,418029.8065938385
490000,467729.5847041904
350000,366083.2458008901
215000,202422.82187473052
2000000,1969158.3365684287
1250000,1357402.901878764
2785000,2706490.3065595725
899000,845194.816260738
579000,594930.8978146069
695000,721700.320120033
845000,931978.0400868045
998000,947520.1596540625
110000,99581.93520377256
127000,129324.89655267016
830000,898244.820391376
445000,434803.7855557398
211000,219235.81800046732
170000,171354.8599199732
795000,736851.584775043
110000,93276.19667153232
650000,635725.7995985032
123800,109113.56644268357
160000,183660.686443015
1650000,1658512.32457315
218400,246619.36368154737
359900,328039.40360051574
155000,175348.0149739079
790000,783802.7037611548
111000,63174.25571380082
480000,486406.3025260017
199000,236310.49403577545
299000,316605.03084842506
2000000,2027345.9982019316
1050000,984816.6691472306
240000,248441.93403804745
895000,935128.900613623
131000,156945.19295016854
480000,475202.50019231776
95000,93711.51167344706
214000,225433.42826742973
345000,382304.91529814125
661000,652923.8267201533
350000,371864.44223545433
140000,142701.82057141335
125000,105437.62103606768
146000,129027.1571614581
120000,104635.66219231943
780000,737341.5784720817
310000,318878.69549696037
215000,224350.99055424667
190000,194208.13342313847
695676,718495.3527787733
347000,413440.4391152496
330000,313284.0900203392
309000,293748.56972673675
405000,399760.1243366354
235000,219786.25794440307
285000,261374.58656761664
630000,639531.6234820461
2700000,2625807.8544807103
4350000,4402065.930748848
230000,260470.61891953673
1250000,1233169.09372364
100000,87039.90006516167
410000,425967.3524078065
195000,185067.81268535467
3300000,3169972.8676706576
1125623,1138860.8294950493
266122,256841.43972662065
165000,203714.3278173751
1890000,1757489.8873560813
319000,309150.59999968513
354000,404527.5665351062
245000,224452.7360532751
199000,184516.4376851767
568700,571141.6197419428
850000,834801.0954850456
2200000,2106999.369112995
155000,165590.10974599633
140000,165602.92117690478
6800000,6247877.444560302
620000,617522.3721073197
1079000,1050725.1083946906
530000,526117.5810857716
1387000,1389266.718826561
179999,171382.6005344104
3480000,3446195.600911549
604000,604258.3793585172
585000,591000.3397040352
4155000,4055594.7136439695
280000,288140.4997385667
255000,308287.608996056
175000,168038.0702252105
600000,574737.1149601986
417000,477138.1268091117
1400000,1374724.648332494
439000,439190.1601366413
165000,212017.20613403624
378000,392299.75981910434
210000,246643.45145781175
147000,144637.75372001805
105500,100363.45706068388
79900,67278.84763503014
950000,914421.3685859889
164000,162194.46491428613
395000,416466.7110902609
162000,146010.39450323748
165000,150740.28031079588
421000,437074.5092573005
85000,54558.18352095963
260000,246783.10015330632
290000,270466.7491793755
2850000,2803615.7415912864
128000,128037.89339958913
867000,840029.9028065777
123500,123961.14338965027
590000,591000.3397040352
950000,958693.3542423662
325000,279315.3235426775
850000,839124.200235918
115000,138079.5209532831
1800000,1692680.6470947163
2100000,1998823.0745246464
220000,222980.4104089662
375000,346486.68215856253
115000,100935.98357882914
169900,173641.6882108662
550000,568461.1747066122
672900,736896.3856656651
796350,801494.812134274
2000000,2078133.8571019764
119000,109065.15787538384
515000,516712.0868476292
455000,398105.36969563214
320000,384473.47435005795
610212,596983.615813966
3000000,2927888.11474354
1430000,1398536.4457110516
538900,519036.0325759797
170000,171354.8599199732
1343500,1385264.8065502243
329000,299914.64617128373
1650000,1659936.5305027147
499000,484541.2403938832
280000,267723.1622336884
1495000,1510740.926325009
235293,225820.05919797797
359000,387664.8977840732
2850000,2866865.6633375273
110000,100796.48259869113
330000,302719.2767990623
4100000,3950652.5333483093
95000,77452.10779702337
348000,333552.69028383424
249000,279052.77359958057
360000,347073.126875981
620000,608591.2043268259
4500000,4649849.820210735
250000,232424.4368394753
310000,293706.67361981526
225000,223662.68966379322
660000,666109.591766957
179000,180439.12847931104
930000,813500.8513052358
119900,111589.99404539789
810000,780117.0753401935
139000,148584.754902023
750000,739621.1470214295
150000,141439.5890297282
750000,752790.2945622624
112000,107111.6544216497
215000,199981.10348800395
300000,352104.4574669417
950000,927722.7057372394
849000,809191.5105534511
390000,446499.1975230547
286038,266902.2083656531
990000,1109955.5746697392
215000,199981.10348800395
1490000,1402522.0603158886
285000,243161.01117519473
420000,429440.140680663
248000,257647.63734925364
500000,494808.2588802115
150000,133150.08124264024
980000,909755.2754968366
99000,80171.21014524213
160000,165751.53405259925
345000,320226.7084166221
215000,231098.78289128633
120890,110354.06460447525
235000,311622.8262279492
239000,211977.36270311108
139500,119662.84066729325
260000,294161.43821506004
650000,641369.0196950706
811000,768626.9784395017
700000,676639.4725175564
570447,571750.4685021149
515000,520190.92913344025
816000,805840.8478164022
128000,110122.48705654612
265000,269072.2313724991
287700,319016.2757492765
227000,210027.22782522623
245000,225036.77390246055
228000,222199.68621768383
329000,356251.6851544216
448000,450889.7386374458
299000,313568.4856191092
2150000,2154023.786471996
2300000,2319405.4622252923
420000,436885.9113984724
105000,102567.32693515025
2200000,2210858.00305494
3950000,3929158.6890559406
597000,621656.5314653463
96600,91370.93527242201
136570,121456.7626276406
160000,168676.51098440134
495000,516864.5129698319
209000,197298.48542841914
1350000,1287845.9056925834
155000,161554.40443680136
279000,287306.0158850446
1800000,1852826.466433686
587000,554175.9067819875
1150000,1090971.1501558581
378000,364565.43095185125
590000,596099.5524598497
520000,490223.92350805853
598000,588806.2952848537
260000,246321.7270560644
1350000,1253651.859577051
176900,180280.40310202132
105000,96226.22445253909
830000,826023.7617117077
309000,343439.7118602779
164900,157110.72904707305
999000,959952.9540891547
225000,490795.6490232498
329000,316161.68204694433
299900,288151.8575627856
1325000,1395523.5132054617
2500000,2480539.0147104296
228000,264861.5358765252
160000,169170.27874891268
160000,154474.7840391366
170000,179660.58539318893
122000,117810.58213884497
75000,47573.04590429791
220000,213579.94318512265
634500,624607.9220236881
119900,108083.61815058175
565000,600406.5513487469
145000,142154.7486934278
169000,179660.58539318893
900000,842410.9508679858
299000,310118.7565081376
365000,390628.2913421072
325000,326625.10235928185
890000,894930.5067622866
1390000,1401603.3699623933
235293,225820.05919797797
950000,1037349.2333708634
450000,439190.1601366413
480000,448168.23992877454
178500,174609.84245100155
235000,281103.74130454607
1860000,1879881.6068305196
450000,469692.10857031954
167000,165661.93181521472
1900000,2069755.329603834
2350000,2438684.1584438435
2200000,2225600.4893089416
650000,645342.2878955653
585000,555523.8146063911
829000,851940.0957901692
385000,377879.9306904782
560000,504752.84198350424
1599000,1657536.2973003003
135000,160103.29138019655
127500,149021.6347754095
469000,475418.31412831094
500000,475628.44692190154
340000,375508.42231420777
287000,270607.0222267219
125900,113697.03865411934
318000,296503.8115375322
2500000,2487147.6488869064
180000,187145.36110538305
198000,223216.27133896964
540000,536581.4506131831
179000,187635.96643286454
445000,443991.64401027316
398000,414720.3869468064
99000,94370.01775399043
319000,381323.13050297025
275000,253492.87427763687
774000,730495.1985675418
220000,241437.1111325021
240000,213515.37309475223
640000,629743.3974076613
170000,159444.4726721808
750000,715697.8760138629
239900,234941.146057765
625000,631881.467383402
148000,148580.8040951811
1490000,1438662.7006200054
1890000,1824827.808169219
132900,129288.6293535006
129000,124881.49996829586
630000,579619.0337483081
150000,146780.4269134835
150000,166146.92851765768
690000,786571.494459375
600000,574873.7997072417
1350000,1416326.5541835357
460000,468780.3561491843
710000,665755.2597491931
405000,408119.8782674966
196900,191404.50548446368
845000,758701.8193232787
335000,317006.4093622381
159000,174857.67264283166
1000000,985120.7983108017
375000,343276.53575784445
260000,272512.2292264414
135000,127088.50099317939
2320000,2550397.437551233
135000,120206.84800804613
449500,481851.58952867106
753000,740305.1738424
159000,146010.39450323748
999000,1033067.2013804107
340697,358721.0449690573
775000,699282.285263545
358000,383642.61275965266
339000,374662.9014200314
238850,230186.1693239718
850000,826023.7617117077
695000,691817.2689836513
230000,205391.04469750304
530000,549533.0104957991
290300,266902.2083656531
298000,280431.6225176778
95000,84237.84434325385
259000,256195.66743694697
229000,225325.99442947362
130700,134510.1282960684
271078,292851.3493197989
1590000,1543216.8768616996
788717,756579.8928757631
160000,148121.2809419953
1155000,1085942.1159443478
139000,126921.05032623603
181000,187145.36110538305
243000,219786.25794440307
215000,211373.11203437374
126500,126467.56590773442
275000,255968.28003161633
750000,700314.7122247055
1280000,1142821.5067432704
200000,206790.65001334372
750000,741379.4113359051
129000,117238.26662309008
353000,379469.7706362105
305000,348648.04449648934
500000,510116.26461790025
2900000,2929069.6388750505
268000,257816.13798123063
260000,263491.24266017805
575000,576459.0229079302
595000,574935.9650235146
315000,285308.5994052109
230000,247530.1889877828
470000,500854.40770181053
1500000,1509130.0757194296
310000,344065.7112978645
599000,594930.8978146069
125000,116637.05316084539
112000,112278.43319785762
600000,594930.8978146069
5000000,4820998.257893262
550000,549659.6917642266
465000,476180.76098983234
490000,494840.3387794634
579000,625626.1023967626
515000,516712.0868476292
798000,703110.1216733862
157000,149423.17471994882
235718,225820.05919797797
321000,288414.98304362776
144000,142951.87508738792
120000,109065.15787538384
212000,250021.74775198396
595000,570366.4962145666
369000,384077.6955321302
890000,871668.0040135483
280000,261008.2284216976
290000,268606.500934369
700000,586033.0525821629
1650000,1627764.2866586312
955000,1000139.1462584523
1195000,1148311.984463094
380000,376692.70579510974
1590000,1660044.2828029515
398000,412485.1802849327
225000,215953.44113993229
245000,246522.51989563947
1300000,1238310.2753640413
1950000,1926272.8941994093
720000,696406.4316776465
883547,808259.8586334401
367900,348525.29993118736
130000,121039.31245391347
129900,122355.83268608665
279000,267723.1622336884
1195000,1283668.9707325583
119900,114364.66453380084
1390000,1369510.6620965486
1700000,1642762.968076747
1250000,1196772.4610429304
315000,324444.8007886792
1275000,1255455.7772112184
1750000,1704999.987115851
85000,50084.65686975073
265000,251172.84116803535
129900,134510.1282960684
127000,129966.3279821519
299000,293162.66627906234
920000,850027.2593774226
4500000,4579664.891074528
840000,949887.7422441269
320000,296503.8115375322
954000,938398.7350588018
285000,327888.9004379986
150000,152266.95053866878
128000,122038.47638727631
635000,626231.432882506
548000,580345.0870524693
1650000,1637089.8396491667
750000,800466.8153462243
250000,234429.80246673516
1750000,1669346.7475263143
723000,744846.3470185735
660000,608994.2036987621
780000,743389.48189384
140000,143404.91597569274
1460000,1539105.5146204112
763650,753377.2354584074
650000,584432.980751948
495000,517408.5203105848
377789,399796.32607035805
930000,932777.4074153717
1390000,1301794.6486071975
280000,262744.47236020875
185000,192945.17413255794
750000,742232.9659440637
157000,151095.8493016082
238000,257647.63734925364
725000,664234.1739473698
278000,327739.8396350106
360000,368185.8581725557
320000,315669.73157077684
93000,87260.32033776795
620000,617499.5860220745
3650000,3647017.736421209
125000,107863.39916041863
798000,764267.2563839781
168000,152582.1667290285
150000,155103.77259570858
120000,114908.67187455372
459000,473646.5242672834
330000,367299.414373671
749000,842073.284938014
353900,379374.78703712614
299000,288038.3298327509
130000,114712.59934088087
459000,492472.9577516133
390000,395503.42537995096
2490000,2467469.019543134
1400000,1465483.1626534343
650000,631881.467383402
4200000,4188085.3276197105
250000,232424.4368394753
950000,912764.6663694746
269900,246523.03916962896
104000,103432.05989809347
625000,606615.3732537112
92900,87260.32033776795
995000,895494.3215601832
1290000,1171470.5285407999
126000,109645.84683827822
950000,933060.2359389758
395000,464355.9670418538
600000,609645.4394930493
139000,147104.86773037666
2695000,2657510.5035451334
350000,368411.3620620713
420000,431372.56036754505
2950000,2768396.9278003727
1950000,1984475.7127527962
89000,66818.21522226626
199000,197357.65069426375
195000,228746.16327294294
2150000,2217816.88909317
520000,497927.8797838219
825000,786137.0170521027
2950000,2773538.109440775
530000,573218.6278035889
119900,134642.54686317118
340000,375563.8494370293
990000,885738.1640081356
850000,827572.1160287857
535000,519036.0325759797
2000000,1965189.2982184081
730000,724938.5218956306
580000,575401.449216131
625000,634290.6308102504
325000,322168.2319330996
310000,337724.2482117154
615000,674670.3725454797
1940000,1958496.685907234
2280000,2428230.6273569656
949000,909536.524685892
338379,358721.0449690573
2200000,2048914.3749026384
2300000,2471735.908621702
215000,217496.33298674534
279000,274507.7105675492
850000,801391.9043769159
900000,889263.421081423
161000,145466.38716248458
2695000,2662732.675992956
209000,192356.96469765314
207000,249024.3184666819
489469,465680.3254542023
1379000,1267157.5434220005
1900000,2194646.330025768
124200,116702.34539494045
180000,185563.46492562242
790000,753113.4007773108
370000,379580.5621228578
120000,122904.77552607462
649999,691289.6637365934
179900,179465.3588856567
120000,140077.0539111619
399000,406251.800589762
923000,886424.9840408469
655000,643337.2543562324
850000,862195.762774952
1330000,1238310.2753640413
285577,279280.20386402943
176000,170467.6914450911
155000,155012.8342634741
620000,649821.1627125783
210000,188915.6554478483
135000,125046.24630252273
162000,173209.95355209615
830000,794002.9594982824
925000,898722.8153478605
152000,147479.77783084675
330000,351185.943633057
670000,723194.4093964413
1090000,1123754.370953959
720000,740305.1738424
139000,138516.25848283275
238000,226246.40614309316
165000,187055.708440477
127500,109707.70621309477
960000,1044791.4462111761
815000,828888.675200527
1070000,1064807.925810442
675000,691518.8905277589
349000,357522.04754748906
1280000,1232620.6263936507
650000,606510.5999288309
280000,283758.6528362013
1200000,1269144.4335815667
222000,213742.3493718728
550000,551788.8214560519
235000,218349.8102335207
129000,128037.89339958913
1600000,1745137.0433469203
2355000,2323470.3792147185
230000,225820.05919797797
299000,312981.1039193498
159950,153115.42658702034
295693,286074.4986995666
798938,796329.47372154
167000,222607.39649406468
1050000,1006444.5111851008
230000,211680.6015805696
127600,123752.83272738935
620000,628647.4107136828
265000,248307.09733298497
330000,372062.80271706544
240000,250766.83940281067
315000,322281.06608164153
580000,588340.6028180291
185000,207989.4208099196
349000,315102.37197031075
210000,214053.9583590381
1799000,1856910.101199073
585000,536661.0040003095
625000,631881.467383402
450000,438803.1481706916
860000,841940.9903638294
575000,552208.5381343027
212000,203663.39197132312
1200000,1170110.3463414665
200000,234239.2288472935
530000,508791.1976743105
125000,122588.35158131213
94000,84387.1233760321
375000,354462.5821473623
469000,514696.5622224804
208000,210829.10469362084
590000,565709.0347637532
633000,752288.1072523177
860000,855078.8209858019
115000,120441.26568407509
520000,504652.39055022167
590000,617499.5860220745
154000,143174.41387850634
1120000,1036818.9529283168
550000,546464.2084199839
1350000,1345525.8586862388
1100000,1062009.7816135688
450000,446798.1711089319
520000,503929.0371805798
257720,246703.9346662631
205000,177536.48219583498
580000,590746.6362740869
3000000,2983267.2615972697
130000,107603.60684111282
135000,134731.73433838517
700000,665725.7188215117
394000,432729.69446055056
415000,436522.800180896
149900,142015.02055725025
570000,527632.8208172002
610000,693862.2137281778
633000,625807.2652230257
150000,160142.19936869896
1690000,1742904.4130152625
298000,333873.4328529164
598000,661123.9878368549
105000,103403.98664020831
145000,139664.64734693957
2300000,2344766.7783303787
625000,633681.5157309747
450000,500854.40770181053
1650000,1651436.610632599
917700,1008706.5176004675
400000,457252.83119737
550000,579980.2020798906
465000,464523.7070415844
670000,649773.5249671083
700000,713461.5220439319
990000,913081.9608294582
310000,359322.52126691025
210000,215165.0680975015
379900,362765.34321870626
215000,215873.1245359767
230000,221285.49141783765
180000,169376.82976249064
1200000,1324368.15612309
351000,352141.71932978777
2150000,2064551.485259405
339000,325717.83271006274
276000,313165.6826844704
165000,161507.02410110598
165000,157338.46992005577
699000,677000.5711551075
1650000,1598197.6762028104
298000,274895.7380471251
630000,628263.7605285528
369900,332182.38840312796
345000,310509.6039700796
3400000,3335446.981764721
126900,128037.89339958913
420000,474659.2598874915
1495000,1552988.1010149794
126000,117350.93955830055
2785000,2706490.3065595725
340000,375508.42231420777
296500,330090.7065863125
4990000,4748465.888959789
260000,259806.7076283907
169000,159337.3944554316
270000,283575.61247651826
700000,719346.0107170382
390000,418910.3637529759
1575000,1573670.2319604764
1800000,1841802.6001495365
549000,579980.2020798906
335000,312510.12526243244
260000,279833.55140980874
575000,590616.5735385938
348000,437031.0734958756
369000,364478.7273354572
369000,385714.88927998696
148000,133935.40826278846
895000,884353.30904474
2250000,2353503.034660735
142000,130789.03640539652
233789,257647.63734925364
158000,158787.4912141137
570000,561103.3239640356
305000,314530.69092703535
155000,147502.65837399382
259470,223925.28227461322
340000,348584.5411514932
330000,343188.9183888709
311000,318234.12454858597
625000,591086.1719760795
1590000,1598641.45353788
130000,123088.24449652451
450000,402836.96527825267
330000,322846.4088924013
285000,269056.33242468484
1300000,1278975.3310571313
295000,288505.25164126727
118000,109162.0433531801
220000,210835.96778475985
180000,159382.9570679792
270000,246523.03916962896
1550000,1622365.0117581454
900000,869164.1961565182
225000,237821.00273455665
420000,429440.140680663
349000,352621.10228786984
359000,364933.52190151473
790000,779261.5305849812
269000,249198.20638141484
420000,441699.85840211227
730000,729270.289628093
1050000,1012356.0065471727
378500,383529.13159202755
995000,1031407.901332433
1700000,1615537.9869595133
2600000,2649847.2919509397
1550000,1566878.2178669109
260000,327876.811110684
1000000,972297.3860076388
820000,765396.3745880948
330000,334451.0212641178
320000,333025.215028943
1400000,1348436.77748342
195000,230010.66849844248
875000,822068.3066379674
560000,514704.90758438804
135000,128545.00837694021
1495000,1523068.3155050776
550000,575401.449216131
1145000,1264746.1400980374
250000,245822.86856483278
279000,274507.7105675492
490000,500899.6204301916
900000,905157.0279312718
1900000,2073424.3523358537
1600000,1449698.363809955
189000,243594.9826503094
119000,117350.93955830055
185000,185435.60740191714
184000,184306.94016101066
240000,220330.26528515597
549000,566923.5054673491
166000,144322.21640721336
360000,352403.42166744836
1250000,1161576.2316735825
115000,112296.88616504791
230000,290721.54167859786
455000,473346.03760797664
235000,237565.88591884676
650000,695255.200539988
215000,241782.94967588273
160000,155145.89171919963
136100,131467.68528774625
295000,270597.0721425616
180000,218762.44687464437
1200000,1095653.400224589
525000,566923.5054673491
1940000,1958496.685907234
570000,564723.276117999
380000,382240.9225022808
279000,275309.3361119027
550000,558910.0572475399
790000,778534.2052100672
325000,321056.4107329341
281900,260963.2675891632
680000,689640.4581909939
490000,469600.99767527316
99500,96713.4428747379
930000,952752.525976437
690000,679983.075169467
170000,177279.47327462482
118000,89120.99547381698
375000,353361.6645213015
1600000,1631274.170722238
179900,184348.1827002168
1020000,1137275.3285231001
450000,444968.57621928345
590000,575784.2514169886
525000,519402.80533869145
550000,582108.5594248429
2280000,2302269.885759545
330000,349909.4785448663
730000,713300.2054061227
160000,140048.93687415274
615000,589369.68509615
1275000,1255455.7772112184
970000,964111.1094447881
950000,957551.0754441774
245000,220330.26528515597
210000,242557.92803974258
175000,161799.35570708898
137000,134731.73433838517
775000,753377.2354584074
780000,737088.0063685463
140000,133827.77987129154
978000,923648.8791378379
155000,155453.60855079108
2400000,2341818.5012237877
525000,540781.1384920324
210000,261250.70876552604
329000,313922.18232904986
150000,132640.31279228762
240000,244529.548441124
540000,537280.0205718492
999000,990775.0725342378
2900000,2929069.6388750505
271000,256297.43238586775
720000,828426.6020815839
3500000,3495253.701485374
184900,167864.33064274673
1395000,1415646.1278293869
480000,529992.5305729444
515000,520190.92913344025
310000,291740.30384672305
580000,563636.7582434189
598000,581671.5303141443
227000,264877.15796259086
69000,52171.941464744756
320000,319508.5737130059
219000,227287.92929060163
277000,285540.5679935267
115000,106935.50669127471
2100920,2122835.5190488026
560000,541339.8719736723
3200000,3167447.6070982195
360000,373282.54319889005
280000,270435.71072446596
2190000,2228744.4859022475
1185000,1258670.207371275
125000,117453.66576668333
145000,143509.08647911157
2195000,2113726.336102325
230000,226416.38875111408
168800,188056.7497174722
295000,351268.00637822656
2300000,2290447.0963338553
1900000,1824827.808169219
240000,255880.67499766385
101700,83066.4313456256
215000,304298.53049254476
998000,1025572.6515696398
540000,537280.0205718492
169900,173403.93049665776
160000,147960.21793483727
489000,471889.52365637664
149000,144052.8994720287
460000,457651.153950374
540000,520049.22096974717
520000,578535.135333702
120000,114364.66453380084
225000,228935.28565000842
1420000,1557673.770035798
715000,757408.269428638
175000,169923.6841043382
225000,200470.52331919494
390000,371875.49868352286
135000,136662.9781872668
221000,203591.86660340996
1780000,1777274.0553992868
150000,175348.0149739079
190000,199969.05288833755
454000,535234.8154314103
449000,442678.94851534284
345000,310509.6039700796
168000,154684.06369075365
3500000,3313526.712650087
490000,481264.3878917545
450000,455452.4802850073
173000,173027.5345016326
399900,410192.0943694722
110000,106390.26166470803
280000,261589.45618163055
347800,340693.6901719862
1190000,1079162.5840735722
898000,905128.3531256382
98000,73112.25105584483
215000,212142.87870456703
265000,243924.09996713127
1060000,1019483.9724402638
895000,934647.1254278976
530000,519036.0325759797
138900,130873.02513762694
350000,410692.51043468434
440000,459190.8347725407
420000,430831.1922414819
179000,170467.6914450911
435000,444341.7398527104
2300000,2299148.3114449377
360000,369441.7139966745
3950000,3733066.236882756
870000,873796.9980242022
604000,609899.8172735184
260000,312551.4141067239
575000,586285.6619844943
857000,872803.4019812946
875000,880192.487119769
115000,114908.67187455372
485000,488525.4423040531
163500,183660.686443015
490000,499542.1527368183
214700,238531.2218961292
277000,270479.65496641723
205000,180008.46594550507
872000,898244.820391376
680000,669311.841730987
239500,227526.5111038781
860000,824211.207884908
850000,874735.3760486445
350000,345078.38826519344
194000,169104.90073933933
482500,462655.3107400167
2000000,1961520.2754863885
128000,109471.52759179326
780000,742215.3263337507
800000,811474.1055399142
126500,112619.94233749971
270000,260517.22623358606
150000,172934.41571786156
520000,531077.5226575388
218000,214938.33669091016
180000,167320.32330199383
340000,376263.81019088626
975000,990498.4989722171
148270,134340.3630252753
1590000,1565864.8919412992
2500000,2455130.5885319873
3000000,2983267.2615972697
170000,186093.60468609454
775000,754866.6191508875
230000,291085.6888013049
451000,447354.5286301491
257000,235881.08260853152
799000,753377.2354584074
216278,206693.1672268535
299000,277240.1783034891
320000,296503.8115375322
90000,70973.69261003287
400000,413822.92097185156
295000,288348.0381705743
845000,802598.8240929496
1395000,1379878.0303206188
310000,302076.5717338948
545000,547240.3815542511
135000,138516.25848283275
1600000,1696657.8018102506
750000,742493.0226900441
179000,172784.0312092619
142000,145561.26870117884
125000,120394.66005438328
970000,1016594.1288926477
999000,945922.272770887
1800000,1833839.1463085506
1100000,970816.586177902
180000,170467.6914450911
2450000,2508144.9935098006
330000,335967.7097404279
104100,98910.14514985874
570000,546567.1806295984
1060000,1083279.5637132553
395000,416125.7503099156
2280000,2302269.885759545
189900,193565.6581315118
980000,942126.9865153134
222000,227621.63481161153
978000,1030044.3526678075
169900,165225.3155981378
151000,150531.7336639735
420000,435238.57505843666
2420000,2312153.601017774
955000,954684.5817604708
270000,299182.94698480144
123000,113697.03865411934
570620,552752.5454750556
450000,459190.8347725407
917700,920728.2316812363
1400000,1308230.0040699984
1995000,1982709.3888502186
185000,172840.05676474544
2300000,2310912.8797485996
1300000,1144314.9076509383
220000,208895.98677123743
299900,346214.39829851175
115000,114600.32640878674
169000,153750.02718976466
1050000,951241.2803448164
506000,556296.0485871917
520000,529326.909139122
289000,279088.03967310773
458000,493897.48890038143
1300000,1181762.0415759534
197260,183939.1454444482
260000,287648.89862121997
155000,149437.9983762423
650000,679861.4436274773
398000,385090.78732025024
650000,663507.1301046823
167500,158320.1388873815
399900,413807.0528701672
885000,859419.927271644
450000,413473.53338194976
220000,223132.07481879025
229990,221131.55352643738
2250000,2123080.9526208923
136000,124368.08412553814
470000,511968.9121010573
398000,413352.9071959907
763450,713437.96341595
240000,220330.26528515597
1600000,1637311.987310217
203000,250556.770079846
215000,214184.49736259892
590000,560137.6693251623
750000,722687.8146971267
135000,135275.74167913807
288000,270943.0780256326
290000,283575.61247651826
125000,117289.080183484
750000,702742.8768632596
144900,130789.03640539652
1250000,1257420.4132448873
114000,112296.88616504791
555000,559127.9190696536
160000,153006.48538747246
489500,505971.62024303497
570000,588277.9013670456
675000,593499.1925501785
825000,876801.7150296934
1215000,1109108.1963185677
1980000,1836109.308972552
3000000,2983267.2615972697
109900,100894.65235349086
650000,755513.9814022463
155000,148046.29055699156
4790000,5242172.452418962
134000,131024.16842408881
1200000,1294067.8962052087
157000,182115.30588245988
430000,421857.1029498475
236500,240628.539951684
360000,382174.7161679869
505000,517408.5203105848
180000,163615.93782498201
590000,562303.2676658527
220000,284431.5654966116
215000,217946.84307539204
720000,691428.3316940366
700000,681076.2339855444
1150000,1060687.3152392283
1680000,1798536.507473851
945000,937287.7768144015
1990000,2169339.054836243
853000,816533.4580144765
174000,159288.42898009106
139000,138586.8783060072
265000,258319.09323481403
190000,219547.67041391478
266122,256297.43238586775
230000,233515.614755567
542900,519036.0325759797
1699000,1700654.923897745
589000,602626.8359105337
112000,103188.68851940914
385000,380769.6640630876
139500,152661.5049119618
900000,886685.44959131
135000,119680.0690623303
3620000,3506005.353478988
179900,198411.59424143395
99000,82449.47656760825
135000,119662.84066729325
940000,917765.8199057985
620000,610963.4938830154
409000,393545.54350901797
440000,423147.14668089704
125900,123961.14338965027
3250000,3065639.457526851
299000,279617.51516914985
155000,155012.8342634741
190000,179226.17789147657
159000,165166.8657371871
85000,72350.18935302547
1590000,1569987.6962365024
169000,159444.4726721808
1150000,1149428.0767914064
995000,1097474.2128650013
2075000,2357416.1795109003
7900000,7821457.04401918
209000,245941.3764181325
455000,480319.77335713495
510000,557923.016470061
940000,942952.0177238802
275000,271487.0853663855
250000,239052.34586705803
395000,449808.96567916975
2695000,2662732.675992956
230000,207277.7902984508
98000,112670.09750150856
1590000,1572770.8305430824
525000,513674.4881473266
1198000,1189793.10368648
890000,892645.0979516079
2200000,2165397.4579257932
479900,447985.37724326743
279000,271153.34814924345
1475000,1484668.1188224584
195000,188026.9354194361
3950000,4138001.9077434903
2375000,2251493.72774939
295000,329305.30257060827
2300000,2319799.645655933
575000,577393.6885986823
525000,501980.138978029
850000,801391.9043769159
115000,117163.70312120552
2410000,2324759.6617164933
620000,605534.8039071303
228000,230063.3107570292
1343500,1334650.1214547672
890000,888583.152302381
630000,647000.1198388991
2700000,2647494.826456036
142000,149260.4768616311
2695000,2662732.675992956
215000,232245.56752541632
1715000,1776077.8721409081
99900,92719.84855772294
310500,338482.82258244976
2100000,2119452.903103707
225000,228761.7008470214
265000,241005.4190548429
390000,376088.2853304416
378000,395144.89199711813
1650000,1717546.5302772357
115000,114757.08884850818
104000,90378.11263658047
278000,270607.0222267219
374000,384441.06390478683
295000,314588.81301348633
3500000,2983267.2615972697
245000,235300.19219291248
265000,241493.34702543062
1400000,1400617.1026167532
525000,485918.9114391572
550000,552528.9431727732
330000,312510.12526243244
175000,153783.1100128326
141050,132766.40739242063
549000,541542.846805507
1740000,1784097.4195430877
850000,1019466.0580450849
2600000,2580201.064965326
980000,928056.3546379254
670000,686542.6915514858
135500,138516.25848283275
390000,397123.68239075725
254000,245822.86856483278
3250000,2976239.0359230973
264310,259182.43278843642
850000,896042.3060759844
292900,303002.97694159375
685000,675214.3798862325
1790000,1732818.7408962303
545000,567316.186211336
179000,195161.37356471363
211000,245812.80937663143
315000,335188.5901725284
345000,336106.02845796105
825000,972754.3650039595
220000,204990.4702495498
1260000,1232344.05283163
1750000,1983383.054393593
160000,150268.37680739287
485000,512031.6027830078
195500,201553.27592014286
117500,104317.35576031565
750000,718664.7343802046
179000,173813.35347611105
203000,212860.67432050966
3000000,2955253.605481282
159900,155145.89171919963
950000,913421.6808250119
130000,122355.83268608665
199900,211914.98645965516
725000,696131.1096726696
1350000,1308230.0040699984
460000,477262.29082359845
495000,627514.7796211763
250000,301470.074477072
1430000,1419076.5558605336
495000,475962.32146906387
395000,403305.9312638567
730000,703286.8842040125
639000,614233.6224900943
292000,317064.6023097221
900000,873079.9755433153
335000,343916.8778047537
610000,606071.3659129583
138000,135275.74167913807
115000,100003.78141358396
225000,202528.19502525488
129189,127995.5621917691
165000,154684.06369075365
895000,966415.962937701
360000,326983.89305127494
70000,42042.96588535586
420000,437554.2580520595
530000,557013.9800213192
452000,478183.7112285215
1250000,1356958.1320275709
795000,809467.3043435124
125000,117289.080183484
3000000,3030974.8540964327
665000,647996.5120909667
150000,152003.09001064932
1100000,1016891.5944378844
267000,255651.66009619407
650000,624542.3061610077
195000,207712.90904871852
485000,473302.6632489702
151900,151645.4800078681
618000,623204.4717679471
885000,954512.1045657819
729000,707882.4502037008
143000,137474.8002651816
1175000,1160424.6819602991
128250,121263.69317973424
825000,844766.4522126525
236154,226701.1252994083
600000,765363.4167692878
750000,698151.937585389
450000,456022.95503031986
130000,153057.9767910662
297150,288151.8575627856
790000,823440.0002016269
125000,114908.67187455372
140000,137972.25114207985
139000,159349.4882492129
450000,457328.37412668834
105500,100773.97721329922
540000,537280.0205718492
220000,219558.44600419264
399000,420905.83220256056
1790000,1840900.9856154234
165000,168263.18233947695
361500,379875.9530947359
157900,144152.36439751278
219900,217262.0377193654
650000,766576.54559768
140000,141471.01321649735
499000,493745.8847934986
199500,194098.0889890744
279000,301259.0211764473
257000,241005.4190548429
950000,954311.5161741535
265000,294516.0914611648
160000,144854.23928133113
269000,261148.3705835783
796000,747869.5607753709
575000,596099.5524598497
510000,533042.1586912075
495000,498426.9483061096
202000,176277.47655277606
141000,143948.92331644564
247000,244529.548441124
4500000,4409586.45907431
339000,341603.32283724647
364600,356700.0038968864
675000,669872.0809162984
4200000,4120196.08891033
720000,813610.1057661321
425000,427932.9746640406
115000,110815.94295699931
270000,302229.3577609733
125000,118987.42637115606
320000,307385.7888161211
380000,350739.1067763834
315000,338342.79398894106
169500,168047.51349500142
700000,829893.233521383
119000,110251.71355384766
362000,328454.9447491814
5800000,6188966.715123845
130000,133966.1209553155
175000,148909.1934267506
1290000,1338297.082521829
328000,316705.68938769726
101000,85076.61521251716
695000,816817.491807109
990000,973941.0036205503
1495000,1526457.6081222598
580000,538056.5632924594
2125000,2168413.3816051427
1049000,1030111.342920804
88000,47503.65176757706
765000,730838.0290370677
520000,533686.5205140882
580000,553484.6989730862
299999,266902.2083656531
319000,299033.58006985334
370000,396607.6254036009
1120000,1068563.5389831634
750000,705834.7920114337
254900,261419.3697130443
150000,166146.92851765768
1900000,1876451.6929618777
330000,304619.4030038737
179000,169376.82976249064
195000,205812.10112542316
675000,682815.2185365915
335000,307088.1781016182
128000,134510.1282960684
1800000,1856540.05050469
220000,238429.2396937397
155000,165198.38774110944
151900,141549.50871620426
199000,188238.9399321014
530000,527063.86934972
1250000,1131018.5879549584
235000,218349.8102335207
328000,311953.46508465044
247000,226701.1252994083
199000,203727.74577369646
356175,379374.78703712614
199000,220427.52216103015
901250,802691.2311976086
310000,317345.2031820123
700000,744318.769269925
245000,235644.6594889339
829000,844029.2976836191
2850000,2804960.0337737473
5150000,5523817.7635095455
1990000,2022046.5863409254
102000,91337.07034770674
4950000,5061693.843569208
695000,685279.1988298992
159000,146992.42177824816
690000,674940.7848698096
169900,165227.71514765764
545000,547489.7806741248
565000,548011.3377488572
138000,130480.16108333593
540000,537280.0205718492
550000,531242.240200793
263000,246768.92902124763
875000,891076.6998881323
730000,698311.4069302413
323000,288414.98304362776
1157000,1054120.4663774765
175000,170467.6914450911
215000,202849.37651336574
420000,420333.82840713044
950000,918839.4360274338
430000,458884.0018491572
334669,329555.9861080308
1825000,1846169.838631178
1230000,1313649.214092723
1850000,2014829.9555304756
187000,214235.41046010808
153000,167566.30129581853
750000,726085.6578477316
99000,90378.11263658047
2600000,2611077.153346825
1290000,1354683.9892309685
580000,518186.9589284696
565000,547186.0669020744
148000,153098.92207734083
290000,287533.91694219736
355000,332320.8799709414
335000,312510.12526243244
127500,134943.81846439204
335000,304619.4030038737
965000,1040857.2609039532
110000,104990.88637600788
135988,131035.15111273718
423000,425850.8771131282
198800,194173.19857481244
370000,396607.6254036009
185000,182112.6968311651
635000,613387.9302948514
183000,176199.43920429793
750000,734000.810750157
319000,308546.71166162955
660000,658567.0468167207
219000,214394.32935015726
169000,197056.48930931598
425000,419304.3631410048
1250000,1325423.8046854457
390000,386850.3985376054
995000,961577.9357349719
160000,142479.6898158534
83800,62374.9420109926
450000,488120.4856956819
399000,411546.5833576936
257998,238746.03549567706
890000,821443.0698433088
775000,736797.5711313288
198000,191404.50548446368
170000,159859.69158266165
599900,600574.1179111743
1298000,1303092.8287389206
190000,185563.46492562242
347300,414750.26177790033
226000,211373.11203437374
950000,883250.0995857919
220000,204990.4702495498
145000,127379.4238214828
315000,423229.94844403904
1330000,1278975.3310571313
425000,455552.2206190509
185000,195600.05803753948
1050000,1035043.1349178224
167000,173027.5345016326
1795000,1689014.984617072
380000,406099.7433658959
420000,478612.3398835649
175000,195005.83074986018
685000,654895.7830045492
200000,213655.20138563256
1390000,1518417.680507367
3500000,3662018.3616244914
1299000,1128012.939680153
1090000,1072865.4623008708
268000,336880.64860442834
340000,379502.85766842635
131400,117894.94689905344
3300000,3507322.431497367
169900,187589.04146433447
230000,222807.09753057925
900000,876995.4939031414
125000,183529.26543439477
465000,458580.8600511286
180000,170467.6914450911
1650000,1566674.2926644993
799000,716356.4201531704
5000000,5009282.710486478
314000,286312.5382560305
79000,58877.875040761246
148000,163775.22842835207
239000,274582.48427687486
81000,48117.0532450508
1450000,1453953.863312159
890000,922266.8637817118
2500000,2497929.801465387
619000,601277.1332013967
3900000,4057846.026596342
245000,226874.7130787231
1840000,1903909.9115141577
599000,596643.5598006026
875000,919736.356717185
1275000,1269488.1750618822
129000,120263.17568270549
1340000,1418599.146732708
145000,151110.67295790167
1290000,1196874.9530697989
151000,180526.016429896
1375000,1250041.4386334482
58000,125743.04211445585
390000,403749.87299116823
315000,332843.66724329436
220000,213526.50458037623
3800000,3698359.535069937
1990000,2046737.8407595532
238500,271951.29490505
2300000,2230724.561179083
275000,302240.4916610134
115000,112004.23380074273
194000,222803.7278511706
248000,229305.46602042377
2030000,2092773.1154265525
265055,294424.2415445868
237500,218639.7095410636
109000,110831.92186461492
275000,265482.6857804105
188400,184978.45008271033
134900,135275.74167913807
620000,620962.3834603451
2960000,2987007.622351585
380000,421434.7003492094
950000,955386.4282268673
119000,113752.61494645903
220000,246721.24917263875
260000,259806.7076283907
148000,142407.86774663502
860000,809936.3736735076
119000,121091.66729430729
150000,141471.01321649735
104900,87736.46433127622
179000,169369.61553393246
279900,279088.03967310773
1550000,1511660.0616030663
490000,541159.4047932723
320000,309292.8152049915
299000,266902.2083656531
179000,160250.23018933093
2500000,2491751.8989127693
190000,219054.28005351662
140000,136305.68997123983
175000,161426.3433580384
740000,705732.4674271274
172000,161255.34836633608
374000,383529.13159202755
145000,141573.15333050687
320000,350518.0632851266
419900,417674.17018703674
120000,114908.67187455372
900000,869647.9797514188
360000,367130.72650245467
189000,204987.83632398056
995000,970935.8178476116
90000,72792.54360882718
135000,131024.16842408881
480000,503242.2561160857
369000,373282.54319889005
178000,182112.6968311651
365000,372575.24889765785
359900,328039.40360051574
1970000,1909999.6667258653
6750000,6648850.07911572
336000,321472.22902279627
880000,859419.927271644
380000,363048.57926456287
1240000,1288687.361713709
154000,155145.89171919963
950000,969577.5670107295
129000,122867.10197769901
540000,537508.8239128958
324000,316161.68204694433
580000,627548.6943352148
850000,950709.934213857
1500000,1488411.4426576262
265000,247555.85751340934
247900,234429.80246673516
248000,285873.8906481634
649900,657670.9876658558
1100000,1076710.6247071328
439000,441628.7835567568
200000,205812.10112542316
170000,167494.0628844576
144000,136953.29830982062
219268,241437.1111325021
160000,173962.7358533829
269000,276365.50677387265
1480000,1430720.9681450038
232000,210835.96778475985
145000,137474.8002651816
240000,235300.19219291248
430000,443907.6308501307
470000,493664.380131311
696000,713461.5220439319
727150,718495.3527787733
154900,178536.34999670362
169900,176634.65283663623
255000,229849.47336117667
1000000,990498.4989722171
130000,134510.1282960684
129900,122355.83268608665
1085000,1076262.6370689394
1800000,1789078.9189797298
137500,130011.84147793004
215000,231813.95530104815
385000,343820.5430985974
375000,384272.4234768223
345900,340693.6901719862
339000,316118.29578721814
777385,782540.4604891444
699000,740305.1738424
420000,434676.4131829931
980000,1058442.2889956024
1343500,1385264.8065502243
1400000,1334740.8530760445
1250000,1216318.6584228654
770000,735839.5427957837
4350000,4270616.958693272
1650000,1675377.7467950287
2097000,2015420.517383669
540000,537280.0205718492
950000,1026341.0768404863
420000,469938.58388219535
730000,702405.1457518752
795000,820410.5834512388
1200000,1259872.3922363683
166000,145994.89098887274
1500000,1527090.2807612992
229000,225820.05919797797
370000,390427.33313679975
305000,285160.04605255916
395000,398515.69051074155
235000,233515.614755567
175000,230858.3226140072
375000,368742.9040209838
1395000,1378585.8483027278
140000,130923.67794699337
334206,329555.9861080308
235000,248925.26528112654
74800,41464.01548802967
349000,372894.7714220166
775000,751949.8784361664
530000,576465.3393282754
235000,231544.79625179208
290000,276652.19443512964
2100000,2090356.8425985326
260000,242472.7680063492
127500,122848.59630605827
1290000,1232620.6263936507
140000,129556.5171737222
245000,242472.7680063492
379900,378896.26521844533
950000,931187.5915018962
865000,787568.8018487402
365000,373282.54319889005
475000,468273.5920449433
161000,148665.2882827482
1814000,1808827.320162178
599500,596983.615813966
101700,83066.4313456256
450000,441904.814189702
1100000,1062691.721089308
520000,532164.8255379755
1900000,2025714.168298839
155000,149423.17471994882
179999,177034.60594395603
710000,677323.4169493734
225000,231917.79582650997
595000,589345.5760497573
630000,621015.6596644212
650000,641369.0196950706
155000,141829.15230893478
1050000,978650.4285352654
200000,207712.90904871852
555000,566923.5054673491
578700,528597.4721857107
330000,315102.37197031075
173000,210429.51874504372
890000,854357.1649227239
110000,100038.81239076525
895000,971833.718140123
119900,109065.15787538384
4500000,4490287.201485952
510000,500352.626712634
109000,103752.9179225608
189000,207989.4208099196
194000,173016.77455752072
228000,216490.13337720578
189000,182547.69714100967
220000,212613.68213096634
358000,395730.254149936
110000,104051.34150236867
635000,635386.6175042287
132260,138593.89328517028
1100000,1084288.753205232
995000,1085568.2921099316
410000,433957.68746068934
369000,359354.3908891459
365000,396274.26149068895
465000,482355.58504247
432000,401478.9583982943
169900,155544.29529703793
719000,703167.8401508069
450000,461324.04333209334
349000,367130.72650245467
128000,124502.23896176985
480000,512183.2906957432
950000,1016422.2918946962
595000,690723.231721304
1599000,1715562.2314433104
107000,97299.24446350239
120000,109065.15787538384
87000,72906.14132105028
198000,176511.3798030387
770000,754959.3100280022
760000,708196.9707441541
650000,589850.7359543699
600000,596983.615813966
1150000,1160424.6819602991
345000,335666.1890736943
265000,248669.8457542541
695000,670998.0346025552
1290000,1320566.014637061
900000,935017.0109652
170000,174334.11499277118
134000,147365.79387128257
185000,179173.8327413992
330000,328288.43330091605
535000,572566.7255639167
260000,290602.0820264232
335000,307092.2995005942
207000,183274.2175328471
705000,709919.5187153987
273000,310858.04239353
899000,949887.7422441269
112700,96781.70137353768
169990,154151.27646257772
495000,510035.3071815762
310000,336182.9803860233
255000,248062.32683210235
189000,196451.5500273741
159000,154909.60121003818
1100000,978650.4285352654
259000,251383.5032474749
345000,384648.7387122008
290000,291943.85013764305
425000,376319.8390141289
1290000,1291402.7896063242
498000,493347.356450644
169900,181393.4279665522
146000,136953.29830982062
569000,571750.4685021149
859000,812662.7876877552
285000,289296.21571018745
682361,690281.0927314399
165000,166774.79401984462
135500,132426.01436469695
320000,341004.23439060105
2250000,2445098.049908317
430000,416996.6011679185
3800000,3521279.163999631
800000,741947.3499637526
520000,484582.48559305735
1100000,1084288.753205232
173000,168263.18233947695
179900,205561.52320838967
1130000,1022325.5262368814
1600000,1527659.5489514607
620000,608908.1389050118
435000,429833.41940771195
350000,311304.3569033805
698000,668126.7042448852
580000,570432.9531692313
299000,281966.41230703145
2170000,2198518.2535182023
2400000,2357724.5828919364
415000,439040.20018201857
306000,318234.12454858597
650000,648622.7260415154
869000,863460.7523140985
160000,154840.89774728438
165000,187831.11660715376
580000,570432.9531692313
139900,142015.02055725025
588000,640132.1926515497
340000,359207.91659293545
550000,588330.2567460086
337000,362957.3955235668
380000,364416.58705107606
300000,287533.91694219736
215000,197440.55829305077
980000,907955.2232590705
450000,489720.988877762
179000,188805.4778662644
204000,191451.45326418543
1080000,1085178.3483135672
3500000,3495255.970679175
1280000,1142821.5067432704
180000,195034.58967973074
349000,335396.94319390546
275000,265520.8733832993
159000,165236.83826478722
1100000,1016601.3634496635
499000,491549.92400282004
193000,230010.66849844248
1199000,1261341.3758777138
1150000,1052448.5171631274
225000,229298.91222213674
1090000,1190777.6763019166
249000,246951.53580573926
509000,487704.13635407656
330000,397686.8740365801
183000,174609.84245100155
175000,189541.88551994134
400000,388907.52393275837
695000,660113.8218341919
147000,141983.5963704811
880000,890702.5984831639
653165,640627.6101760246
945000,895942.0696938778
4320000,4292834.291411778
560000,597958.3783810583
588000,608499.0970247864
295000,301458.63111330656
465000,494527.7415937207
509000,483898.92242135125
795000,755828.8696236615
1500000,1551262.7608940331
800000,761953.3728831102
339900,352219.75612141495
1187500,1253159.4310827877
220000,220886.28558609693
155000,140250.1162104638
377000,376160.91912714625
195000,228605.2846870173
789000,730495.1985675418
158000,146010.39450323748
1995000,1905418.5539131046
126000,127011.5732484873
420000,376692.70579510974
2150000,2085732.2166816837
400000,427321.84139602794
780000,763378.0985452826
2100000,1982538.316284931
3200000,3071978.944868423
444900,468844.12891036714
173000,183660.686443015
118000,134028.56760643196
226000,211373.11203437374
1187500,1281735.8919474697
788000,753377.2354584074
155000,148046.29055699156
340000,332320.8799709414
545000,547240.3815542511
435000,441415.65625751007
238000,215946.1260364529
279000,262054.81844662415
848000,823649.1908058693
2800000,2813721.7132218275
2600000,2574650.7138657686
149500,140189.42174746326
340870,412498.6362998967
263000,263491.24266017805
112500,114757.08884850818
575000,591343.7420456646
258000,261419.3697130443
710000,777693.8953093895
488910,465680.3254542023
804234,756741.4758711098
270000,259161.21806470116
850000,803395.627392504
7800000,6547221.5118355015
450000,442448.8215304549
1400000,1246348.035720666
220000,203119.38463057022
194000,199253.71907132107
226000,230063.9528909149
169000,157153.12474143595
645000,639069.1465495845
370000,375680.61640532437
275000,267723.1622336884
119000,119963.00005340078
1250000,1351514.8017282593
2500000,2424254.4695825125
1650000,1743821.080832954
1370000,1390105.7580030398
140000,133310.41473317353
440000,459190.8347725407
995000,979017.8849300473
428000,406343.5387286742
1250000,1325423.8046854457
229000,213515.37309475223
1150000,1077356.7868980516
1700000,1614328.9735700893
970000,878515.4246663129
5000000,4817329.235161243
155000,146615.47714921657
280000,346995.2577639782
510000,498144.8705772393
254000,237830.29294068887
159000,156707.91926449907
208000,199981.10348800395
800000,765396.3745880948
1375000,1419076.5558605336
298000,313998.50376892893
538600,531606.1715705326
485000,515481.46836091275
340000,353211.3394953964
1575000,1615310.6613042925
375000,397099.3106738754
633000,625807.2652230257
374000,380541.1181872534
99900,109528.2866307174
101500,90922.11997733335
260000,243924.09996713127
1500000,1422937.8330286304
100000,85440.13296954877
748000,755594.6195370223
1100000,1084288.753205232
187000,220949.2920366426
1177000,1188013.2303045364
790000,740808.1474421379
370000,384251.1571265002
135000,127282.66051058032
1150000,1132068.8185758435
5000000,4804211.800435382
570000,567442.3891176052
290000,303985.86319804145
233000,281679.5813840351
450000,473005.17145180324
785000,809467.3043435124
284900,264558.0228808103
494900,538211.4345735953
595000,581671.5303141443
980000,1069170.7958876505
553600,519036.0325759797
700000,685470.9714042026
890000,932261.1730170319
151000,175594.07393795525
426500,434571.47898776265
1200000,1263727.3282885794
1500000,1422937.8330286304
760000,747319.0021878327
2375000,2445247.322410198
70000,36068.36066995251
125000,141409.20458198723
770000,769508.2490557737
200000,197298.48542841914
599000,585505.6436022912
430000,434291.93574101484
690000,688056.2112083872
390000,379184.1600008637
189500,194129.38262500963
150000,163775.22842835207
790000,791584.25782069
251569,251716.84850878824
1490000,1372786.82612367
145000,141610.7413526749
235000,225820.05919797797
390000,379241.2497535834
1500000,1421150.8132495931
280000,268230.1282506565
770000,780128.3343269747
999000,1050540.2647799274
140000,148547.61960149405
669000,722189.9253697622
298000,324444.8007886792
576900,572562.7750403129
155000,141005.50137545136
415000,435627.36811798334
810000,773795.0730190398
285000,279280.20386402943
198000,183939.1454444482
449000,451648.4495894852
320000,302391.9008503045
196000,206246.64267259082
193000,175270.8097064461
1950000,2131036.4110249355
1700000,1613773.0444291085
1495000,1510740.926325009
185000,187115.02629041902
600000,582903.1819400166
1750000,1740593.4220700215
169000,161532.36616432102
169000,181393.4279665522
110000,98366.13780910586
285000,320368.74043597584
980000,1045258.3091869368
720000,721972.415954714
212000,202500.92854096036
234000,215919.05729182003
2990000,3103924.178831942
150000,171143.87101727494
755000,751740.601034932
219000,215761.9491397855
330000,355550.91645986744
169000,178632.40748754182
395000,362996.89690239355
2290000,2170024.117155488
1300000,1311314.4624489464
330000,367791.91295198904
345000,304619.4030038737
895000,795647.6395649943
218400,268939.26418030745
650000,636691.477991389
1695000,1677540.521434345
1450000,1477473.4171580719
430000,445315.92524400307
543500,579568.0462058278
560000,561426.1500910863
3500000,3495253.701485374
320000,322281.06608164153
250000,239052.34586705803
325000,353386.78719489236
449000,463208.50578439946
170000,167258.25997891463
145000,139754.78951570133
599000,616226.0206758253
180000,187425.41726157005
890000,813082.8426765351
110000,95644.78236092367
349000,330902.34641548997
157000,143181.56469967176
230000,217240.50249635748
460000,455853.80100117624
1480000,1487625.0938615596
190000,228446.9479477381
623000,586722.4378896854
385000,372273.09860718396
349500,345078.38826519344
980000,977017.0618714697
760000,715402.5994496187
1350000,1416326.5541835357
1150000,1133402.6823826418
150000,155647.77993646148
1210000,1385435.08148125
288000,271527.8579888182
140000,146593.34467130096
635000,661232.4004783612
185700,182112.6968311651
796000,753643.5464428669
1850000,1856730.5470021253
275000,265482.6857804105
222000,210946.43701278794
390000,404158.91060730896
80000,55041.48962987671
489900,531733.4605629105
1599000,1612530.7677372615
159000,154601.88437844673
173000,184539.0319878817
690500,740157.9382681779
149000,151645.4800078681
560320,553484.6989730862
430000,474659.2598874915
180000,182112.6968311651
120000,114233.76096924969
700000,705326.008412341
159000,140193.12814888355
269000,297493.6708174077
198000,200687.76467911177
395000,374145.2044387542
620000,617499.5860220745
138000,137474.8002651816
490000,483924.0461118482
190000,203243.2913827453
250000,226874.7130787231
395000,412885.3811316289
225000,212008.77949312667
635000,605007.4888518844
119900,123961.14338965027
1800000,1776950.9119834786
325000,344792.0247233428
540000,531638.582656848
165000,184396.0502203833
545000,578264.5823199751
860000,865241.3776910872
83000,67350.51845048637
400000,412015.31163714884
329900,345292.19587457145
518500,555351.5650194536
975000,980116.5953910624
123000,137764.483220651
3800000,3936401.721353006
1090000,1085150.3524631795
101000,98490.57692521146
630000,618546.9304053505
1590000,1503513.1660937795
172000,161794.50980778353
152000,148374.60460873693
1600000,1615553.5469024933
253000,248669.8457542541
145000,132766.40739242063
319000,348787.46107760904
229000,216490.13337720578
750000,755325.3668099778
359900,328039.40360051574
475000,455067.72727816505
285000,319871.18504120375
240000,303830.9387935253
2500000,2491751.8989127693
319000,330073.3185706303
162000,154254.8413106879
1380000,1350623.6209172385
1597700,1503241.8966420349
275000,270362.76370322297
3000000,2934580.121231554
870000,907103.2813749737
239500,229305.46602042377
325000,304732.43984443083
766000,854089.3852551533
1225000,1149942.9434150618
3850000,3946051.6551159206
169000,175494.7117979383
102000,65310.41970543035
149000,142015.02055725025
129000,124867.2987535728
694300,663879.8095708203
1155000,1114940.8042459625
625000,632074.8527818443
610000,596983.615813966
375000,397601.63308694947
810000,773795.0730190398
169000,179116.57805243603
186000,180129.18605202573
659000,654749.9278576156
200000,235653.88859500992
995000,951900.4182598362
245000,245822.86856483278
325000,358132.9462267168
515000,493201.8774527457
499000,547414.7112111641
205000,189760.04464659933
205000,209089.9329246006
865000,831164.9433521089
1098000,1043675.0963955158
180000,220621.81815158864
149000,149605.26868895066
930000,909038.1925486401
345000,328273.93933531456
460000,438996.92778531276
446500,478142.44332055934
360000,352993.03368430096
1150000,1039115.1462744726
1450000,1350347.0473552179
535000,524976.4679734408
240000,235383.6318974277
349000,335112.6760857405
1300000,1359344.0844384364
360000,387273.9289238014
515000,545325.3028767341
406000,402683.2635880783
625000,631881.467383402
199000,198546.98344852956
360000,359179.0439949382
1448402,1426066.3163435373
256250,247067.04651038186
2499000,2585895.1533750985
2200000,2210858.00305494
1225190,1105670.6612270677
189000,167857.61858221013
650000,617817.68027579
1635000,1669959.9915926068
4999999,5252613.274726512
125000,102982.92631800535
2100000,1925254.6699125208
117000,101511.8459247907
1550000,1593746.4392246017
917000,891543.484641361
1850000,1858989.0094125555
190000,175270.8097064461
109900,105846.25432395515
250000,247066.52723639237
562000,547183.0679213573
113000,96781.70137353768
569000,535984.286772125
730000,686256.3838737316
665000,664153.404587243
440000,421221.1612937849
830000,812555.7874332636
155000,153930.7766983837
4000000,3969276.9028831283
2695000,2662732.675992956
1035665,928681.8950215966
157000,155647.77993646148
150000,139473.5953758021
678000,652660.0694122531
701304,669872.0809162984
230000,213353.27616222898
405000,422449.24252734665
190500,230010.66849844248
2000000,2048440.2403524288
564000,590347.410292284
650000,620619.2069256848
125220,112103.84844008579
168000,150196.27297004298
149000,186975.8076643889
165000,183660.686443015
199900,206175.37108869012
2700000,2886221.4167711437
218000,242644.49916269997
835000,809191.5105534511
250000,270216.7093286777
370000,372228.01153875765
278106,310339.8567266568
695000,744442.5154670844
1290000,1313540.921750539
207000,205757.111277929
945000,909163.1016268936
330000,331292.08145432116
189000,176065.28976517075
345000,332320.8799709414
112000,110831.92186461492
236000,257647.63734925364
128000,117350.93955830055
3100000,3058430.800687379
310000,296503.8115375322
990000,958561.7679357888
350000,336798.72124252765
123000,110800.1856851974
335900,358020.6184839164
93556,83174.44674042241
122900,123961.14338965027
136570,121456.7626276406
710000,675118.3867157331
281800,276067.41447194404
589000,581044.6693126987
299000,266902.2083656531
220000,228165.64215236442
985000,1079187.5874266645
117500,110831.92186461492
350000,373153.4180088678
135000,119662.84066729325
1900000,2119130.065530657
1700000,1591783.784738337
3100000,3058430.800687379
106000,95645.11578000819
222000,219014.43866343974
89000,81144.97048228483
275000,290051.55543779593
630000,636305.3693912892
849000,924440.7026667916
270000,258848.80912323276
418000,424401.2600875939
729000,694823.7103837976
500000,505995.8468092015
8700000,8600064.828808552
90000,79472.29590062544
259000,262275.0666645775
780000,742215.3263337507
575000,549880.5945098237
449000,458664.38511199964
480000,488426.23469897674
280000,310339.8567266568
1095000,1160424.6819602991
950000,938659.1873517062
160000,144152.36439751278
210000,212860.67432050966
185000,187115.02629041902
160000,145735.2299200226
4000000,3848949.0218364126
750000,747735.7975434063
252000,276501.31880746107
379000,360569.982236851
96000,87804.32767852083
2215000,2083896.7785274384
170000,176269.09152024073
210000,197986.44986548673
597000,670657.4408669184
4200000,4335189.835197919
268900,253503.1660784653
190000,207403.2071596771
225000,203280.8783967478
4350000,4402065.930748848
360000,368422.041416961
185000,177501.15815973983
159000,168024.72180869794
750000,753778.6976520931
500000,520695.5079509017
1780000,1630722.0681671216
640000,629743.3974076613
229000,216497.44848068518
289000,312742.9037627947
160000,148121.2809419953
2175000,2155437.8434135225
850000,803395.627392504
515000,553057.9313077318
799000,777399.2788487432
149000,127379.4238214828
1750000,1669346.7475263143
1900000,1805363.6772194451
267000,251716.84850878824
225000,231373.78848575708
365000,395070.6840664854
260000,242638.75354592063
221000,211235.09994861577
2350000,2394683.4383341023
199900,195572.223166076
227000,230158.62350092598
375000,421586.16697389516
114300,96218.9857898956
625000,640539.4064915101
625000,649821.1627125783
450000,462282.5256248256
2900000,2868790.809027953
229900,216490.13337720578
148500,148036.79675442821
722000,696531.946703192
392500,405696.54195371614
379000,408605.33408965386
255000,285105.204421885
370000,347091.10262323066
860000,770130.0394323949
295000,290609.83159357676
199000,199031.76628829792
2500000,2495420.921644789
195000,204799.20689311123
360000,357797.9243098625
135000,120357.76769098158
1380000,1382650.7733846647
289000,273611.8600769652
615000,640804.3727066506
120600,107265.43852934794
650000,705802.6975482934
429000,424645.74698572775
796000,762076.0091414999
238000,231304.5229875075
240000,226495.1109428709
420000,438846.3630260072
875000,865974.485750972
170000,165225.3155981378
168000,161532.36616432102
188400,177335.21673750452
250000,272174.338393279
180000,193333.81311714105
86000,67350.51845048637
1375000,1461604.4126164254
1990000,2001400.4506542815
273600,266367.094497818
554140,521108.309096314
810000,761745.0804925943
485000,468848.99386244
88320,81323.62649893682
370000,373826.550539643
129000,123208.82538663647
330000,314585.27050162095
740000,694441.7956439777
250000,237130.9454567799
455000,419267.27325304365
169000,169220.51832515423
930000,909163.1016268936
120000,114600.32640878674
269000,305735.7336557894
645000,654749.9278576156
239000,219087.08064426898
370000,373826.550539643
824000,835131.2635354219
390000,438939.78117211256
569000,580500.6619719458
185000,170087.2663299067
968198,850796.9544266944
175000,168038.0702252105
156000,146475.90634428346
364000,394916.505180534
975000,990498.4989722171
6500000,6303904.069402961
63990,57692.23503064802
4400000,4525826.168069073
218000,214938.33669091016
310000,317548.5238828242
200000,190102.4197836695
129000,124388.68134569208
175000,179633.96948817486
147000,138048.78237815516
219000,211373.11203437374
725000,699869.9271636424
1580000,1572856.7222842823
244000,228035.9069726932
90000,82108.953519085
790000,765396.3745880948
159000,144152.36439751278
310000,300853.9046433196
160000,153930.7766983837
240000,271377.881421217
102000,93800.4823890849
159000,169170.27874891268
1800000,1685774.708492933
1350000,1448256.622805968
374500,390459.65091414266
1750000,1849000.9161726066
845000,790851.6947716434
90000,78873.42740223506
670000,673746.0956295879
450000,447354.5286301491
138000,119662.84066729325
530000,493011.5195635366
650000,620619.2069256848
225000,229298.91222213674
690000,688013.8399589068
278000,262744.47236020875
295000,339066.89114652586
480000,512031.6027830078
289000,291275.9206781146
104100,98910.14514985874
243000,262937.505805646
2630000,2610088.5876164916
129000,126061.35592735147
3000000,3011512.609336065
259000,254693.11907241438
790000,748386.8210653453
999000,1029151.0382954093
530000,555263.3582499675
348000,328306.93866331194
2800000,2921792.829065569
520000,487200.8986139769
112000,116254.07159423275
450000,466312.42706472735
425000,410942.90430943394
163000,170929.85128123543
999000,954053.4321619384
465000,460659.8939860953
209900,185179.7155410408
653429,635426.518929371
99000,98783.22928951663
100397,87224.11936775356
340000,309362.36559725285
850000,924862.2605202609
640000,623897.734085705
132000,123801.57139939335
940000,942952.0177238802
391000,342883.8620161861
775000,789807.9849518716
749000,705188.4600863745
120000,111359.95029775219
643000,656754.770751905
225000,233515.614755567
365000,353878.7659899913
610000,683572.9942143548
334000,334799.7102280306
189000,218289.6338165489
280000,285158.72004365915
199000,183939.1454444482
652800,624542.3061610077
685000,712917.514703179
169000,180966.9856383893
855000,809191.5105534511
420000,419531.5439998006
690000,742791.044576939
1850000,1858989.0094125555
900000,829116.7583574179
1300000,1239814.1755421013
410000,433213.0610459706
159000,151349.36928290623
2300000,2294454.537011666
735000,714211.8317181537
365000,379580.5621228578
275000,286279.6166355165
289900,336772.59240287595
185000,183762.93282025776
125000,123961.14338965027
979000,969577.5670107295
230000,225870.00177022652
625000,649821.1627125783
1590000,1493924.848511548
365000,340755.89618230803
172000,172343.49471420157
460000,478690.4662614953
245000,291483.7066059425
270000,309602.3938113434
577500,550423.753107842
268000,247412.68286682037
159000,169170.27874891268
140000,128828.96991257137
249000,235384.78303845794
170000,161250.50246703063
1850000,2025714.168298839
1120000,1046807.0792481267
495000,472511.9622704402
110000,109602.62326727384
1325000,1278975.3310571313
1375000,1419076.5558605336
174000,178860.99873411824
1900000,1887155.805508712
2300000,2358644.2163011367
185000,178121.49490525658
450000,450656.49237890495
235000,255880.67499766385
360000,334450.12179898727
245000,233928.00942074656
2250000,2134619.1684461604
186000,167320.32330199383
135000,135275.74167913807
420000,428850.1105756093
2475000,2705276.4208727907
395000,377712.36517123226
395000,414631.59549823607
197000,176821.48389352896
3650000,3726772.2370487754
500000,477808.2307197554
185000,202801.62063965297
2050000,1982538.316284931
1050000,986847.7584639832
750000,733028.0201247372
187000,177501.15815973983
215000,239018.4122171586
140000,141138.10262548007
122000,129136.17676074657
1050000,1026325.5165579293
187500,183939.1454444482
160000,161650.45757353323
2100920,2137699.753913144
425000,443744.43443609757
195000,180495.79747728235
1590000,1538859.8351720967
740000,705732.4674271274
500000,515598.0773766535
178000,198716.71330457044
81000,67384.38337520164
245000,237565.88591884676
145000,132001.69237853342
3600000,3516916.3063544636
359000,368266.23576007324
130000,121811.82534533377
215000,202849.37651336574
1330000,1335049.376167006
185000,192945.17413255794
2100000,2086539.5905781907
190000,194208.13342313847
1500000,1536469.4460143761
125000,127011.5732484873
560000,548284.8877190034
575000,581044.6693126987
125000,118987.42637115606
205000,212860.67432050966
400000,574007.1935317321
575000,579805.0489058014
375000,381938.50554325193
230000,224170.42624558444
1180000,1308410.7904330685
475000,498000.7683483708
165000,162194.46491428613
745000,841876.8258567442
329000,305860.37548346416
541200,519036.0325759797
1321117,1456499.9150200547
147000,153790.17215286827
520000,533686.5205140882
420000,527843.8761767076
235756,232558.63308031706
137000,128262.45718642657
2500000,2541120.759467707
145000,146781.85569087308
190000,191400.51219417475
120000,111359.95029775219
159000,148665.2882827482
465000,471219.51381152164
850000,853390.1652373761
499000,506824.56966311525
1475000,1441667.5812224115
490000,498041.5498636761
230000,207277.7902984508
850000,801391.9043769159
669000,663879.8095708203
160000,153930.7766983837
800000,742505.7615709682
241000,224910.5943907145
1850000,1929591.443789444
1357000,1406203.8737081143
1200000,1134833.8862578047
550000,579436.1947391378
585000,599735.0777466359
895000,936833.0003365172
119000,110815.94295699931
1695000,1577647.636606887
200000,176277.47655277606
530000,535458.0303690282
635000,655238.9179150002
