y_true,y_pred
1200000,1460450.3407248736
260000,245609.6236695228
925000,1047872.649795341
249000,269924.74343039497
199900,754295.6078873103
430000,393598.6541532833
860000,957131.2188223065
2400000,2343965.44287018
95000,56831.46652198187
1329000,1529300.6158087077
3800000,3135581.2482627053
130000,82710.59935280005
263000,550413.7262312868
900000,995505.4355512433
260000,438703.84017401654
336806,397367.5538592472
530000,588620.9980685867
176000,222621.16910001688
138000,49825.671402222244
384000,189188.3048583425
1300000,1250526.8560301573
221000,193367.7119234085
129000,212692.2586725123
161200,161501.59892326774
560000,819891.5332973778
298500,181971.36461250635
560000,303808.4772762405
149900,179708.07268073357
150000,143839.17948991968
230000,89009.63831566437
720000,844916.9041690275
285000,213110.7749935406
230000,725685.0026889299
475000,535774.9089646816
481050,460254.44018734636
1075000,1080682.757105796
175000,215493.1433723785
240000,66920.46531033667
530000,602224.6889344992
339000,267232.8562451985
995000,1287621.042801936
920000,838119.7270693759
1100000,976311.7493894887
150000,-51060.07245141012
2270000,2382935.6005266444
230000,78013.56279920263
225000,155611.28081074893
2400000,2134130.1678903075
260000,422265.5064972561
539000,605487.600393378
425000,459540.3800855696
167000,105441.83406271669
270000,387500.521176076
269900,255569.22545225854
142000,160882.33637745725
4300000,4479604.733991521
8700000,4611794.213138005
219000,215424.11684410076
3750000,3174201.6422936535
155000,155199.3312864527
1080000,937657.1010758865
495000,384690.3503878844
325000,175744.36567804252
550000,575196.3710221051
165500,92417.41975262447
630000,786811.9127639494
514000,675740.3427517022
970000,804571.909066118
1850000,1709965.636438213
174000,85038.08999210515
252800,309938.22721161216
3300000,2877159.879773671
149000,125738.17005924764
119900,29926.147022383055
95900,266864.88314335304
90000,-40038.13171357592
3500000,4001324.010153336
353900,356648.0914070391
1120000,1332302.6727312878
548000,540117.337040876
429000,686344.3823799758
350000,803720.1035046539
318000,428696.8382163675
159680,205396.04084899498
901250,1064438.6214227565
200000,141957.85237616813
670000,677712.0498536489
272461,288396.31564881466
240000,60235.7351814257
180000,216260.32064854982
850000,804673.171402947
1590000,1495783.1088689035
170000,82019.45911032334
360000,285440.75153502263
1380000,1253147.9825180178
1500000,2257470.542320005
263000,335622.98677509464
162000,-83301.02214523195
439000,438823.9506023077
198000,119137.57751191116
940000,898967.6444718433
1690000,1546107.7287776973
143000,94014.25175679335
1590000,1431422.5862401184
315000,383845.1661969711
255000,343223.0575665192
128000,163034.0545257387
122000,-4989.3908670900855
285000,297098.42992091086
189000,270579.04788709653
599000,549155.1207954559
820000,994648.8611872427
470097,549612.8374631478
1300000,1162576.8881078677
139900,-171675.70974288962
1400000,1136745.0860473695
1175000,1899086.6676114025
540000,535495.9745499215
310000,265351.01423955115
698000,595653.9202438408
595000,565034.3260089614
2355000,2251618.324404229
259000,267394.08810834563
424000,471141.3569526598
237500,216194.38854883448
1590000,1456187.3089282843
235000,296698.5206833573
922000,911231.4962947088
128000,48504.89573463728
670000,667691.8133461562
390000,543012.0850574179
102000,131447.1418860833
218000,231193.36055216758
175000,169482.34321922483
3000000,2731721.65809424
950000,930427.0699459957
171900,284331.37449241825
2200000,2529242.8756374135
390000,934144.7732039323
690000,624119.764108144
275000,262515.0519892889
219000,278173.525100558
460000,377191.43292877194
3200000,2073375.3620570647
440000,534273.6487143155
505000,505593.9103107844
169000,139937.71764349006
850000,1605829.618770807
268000,202666.84622893424
149000,35106.987225383054
339000,456488.81561665505
519365,978736.1698022506
575000,687211.8593464869
437000,369412.201066598
750000,938245.7870776644
290000,178945.4429186285
185000,210459.927442841
105000,90720.2565428596
620000,609348.3684866327
440000,645862.5711336532
1375000,1267884.7205981512
480000,428889.6415096435
135000,317092.3731354762
1700000,1508590.847574783
890000,866192.3964794533
285000,158477.8918086522
275000,155504.58149299293
318000,173391.0112928516
324000,224478.34712933016
165000,161006.10714752116
256000,347912.12698566477
307000,287112.36839697877
341000,217928.36865321122
510000,661560.3541269229
149000,526127.7208228421
530000,439942.97624304774
304869,307935.3288460022
2650000,2412040.742438957
399000,304965.9672319493
465000,475160.27925596596
1995000,1712278.9669704596
620000,570696.3784420369
124200,144590.55573240248
382000,456920.54545537394
1004000,884305.3700583344
1280000,1176150.985726606
328000,375919.3308875031
139000,-31414.556205702247
650000,815390.4033654396
147000,202392.52194111142
150000,-10451.432282369817
570000,412070.36988871475
740000,802017.119168119
1600000,1081841.0532317858
135000,95261.57564572222
1430000,1537651.9793011723
940000,922040.2480224023
641300,731441.0981554532
1175000,1092119.4512678902
775000,42571.27635722177
310000,280535.435091238
315000,347818.1801660783
225000,177752.25973853085
1653930,1586272.2715158523
590000,638266.7263524351
825000,818959.6505142256
355000,444640.2628860563
165000,68298.64823781245
100000,-19105.49016983132
395000,342102.72405725764
99900,-42010.10347914428
382000,401566.05985505536
169000,116947.5216994863
2490000,2387223.4567137063
214900,279626.19779745874
166400,106880.67693026375
220000,286640.94767721614
615000,987507.8600407126
405000,337894.70913991367
330000,473482.72316011594
210000,272811.28977982595
219000,282839.8930130095
225000,253966.55867271003
1090000,1181545.3688967845
400000,268506.5733272602
117500,83367.29945285036
133500,163516.98320051807
225000,726926.5116636115
960000,852358.1186642027
485000,593342.1086990486
400000,415645.8950987714
2200000,2073846.1360937888
499000,515194.2368381098
875000,873233.6388801425
230000,226056.4381082781
712000,711106.4096595184
295000,268312.8870152143
930000,1351880.4092506832
318500,409154.868171348
829000,809565.6768547115
260000,292316.0960874476
800000,1047264.7815489727
375000,30712.778882193146
335000,365059.85498019896
172000,141593.41263281344
575000,548247.9542460195
700000,685501.9332902847
140000,155843.95018886658
125000,93441.29071673658
135990,216567.8041496392
176000,87240.87875083403
925000,787200.1857764603
220000,215806.3442634808
695000,1217895.9971276757
150000,148443.58031776012
189900,-175931.2049760588
420000,675349.0707165822
1599000,2011427.260158475
273000,238668.49909228313
180000,196566.33235588355
252000,508024.67499276996
230000,525612.8265865082
110000,25175.14481487032
259000,243533.46928720246
103000,19559.614966961788
99000,105208.2093819878
185000,168970.2772978557
1800000,1749318.806775502
2970000,3112148.4391724286
480000,464942.25647811964
900000,678576.7596411329
244900,232252.5231744483
550000,881471.2211954691
3500000,2751535.6472447016
895000,842829.062444415
1350000,1248039.8957413635
128000,56239.28891013784
900000,1120197.3495162798
1940000,1836749.4044439644
189900,211815.78704994183
280000,500074.77235838654
425000,235339.53935568285
119000,-81132.60259177
2250000,1872096.3084369912
630000,529610.9792912692
198000,-10394.097646233742
819900,930314.734071372
156349,88181.98697172571
104900,47371.57638360164
2200000,2025386.6306884526
1150000,1103087.4698519786
515000,536124.419604668
299000,344491.70978023065
665200,670413.761989604
220000,67215.7852716716
360000,693790.9414294645
857000,731343.7253940131
369000,810382.0341629012
650000,600895.5165395987
2200000,2373116.8814815655
454400,275597.5978036696
220000,179801.7319579759
675000,396605.5388817143
589000,544201.857698899
2250000,2085125.6484267567
256000,20358.594357441063
290000,332714.653502924
298000,114439.46432423207
330000,369790.48696056544
245000,361841.7369457091
420000,439996.52062061697
189000,-710.969901614706
540000,1029532.5324196201
655000,745904.8474861741
234000,270635.0461176804
139000,146132.7997095841
180000,292439.12743680424
270000,575140.2461000647
189000,141487.5726397233
2100000,1856279.0496780928
2100000,2354234.6341976887
537000,556875.1027024729
1250000,1492395.5324043755
200000,248929.8465546365
116600,3587.577732398524
2150000,2157300.0689237146
385000,317129.2874894783
120000,153760.67476065294
1200000,1058267.1300754012
895000,906418.2996842331
750000,738957.7268671263
875000,735876.1508688779
339000,325475.6465242319
845000,876739.5693585778
105000,20010.138484063093
1700000,1622794.143183506
470000,557251.810240901
240000,202483.87866967282
299000,217994.91999499087
640000,566641.0348425778
1850000,1680603.4639478521
99900,174959.64441367774
410000,515604.905750129
226600,287639.2284927841
350000,468157.63649155566
240000,258452.84343193716
129900,120646.70582682686
830000,915102.0995192752
2200000,2499352.352283611
490000,482773.88483585714
300000,210729.11545321596
167000,203305.4940318407
850000,826532.4985028808
4100000,3111596.1973938523
1950000,2206580.3826223686
175000,100690.06512232614
333000,447739.3388083567
270000,478771.0857663963
2490000,3171527.4239664073
1280000,1458534.2821122454
319000,242768.4458954743
229000,216161.96058102115
375000,278172.28214043216
320000,362063.3149622169
791000,952940.8371715937
275000,540188.6526457508
895000,946623.9366566502
395000,444104.0420378187
325000,725534.8650672158
750000,628094.1851376694
147300,179468.47218104242
540000,527247.1871344381
267000,186218.1149664921
100000,169512.30324124877
147600,120841.08511665114
350000,600475.2055233633
190000,186692.47548794467
135000,40252.2940771227
360000,151725.75247918128
353000,461933.38773806597
435000,326553.0568591611
359000,185852.51545716892
1690000,1682285.9491983647
480000,546959.2700127265
199000,219773.1828043217
278999,285561.1992396271
795000,816671.0211375023
428000,734277.7445361033
725000,878478.8317480196
430000,345316.5094646809
75000,-166157.0270027317
100300,49112.73620826658
520000,582485.9665206679
88500,-32035.21049485798
99500,39337.750141947996
459000,260790.4552748358
164900,166757.91569247784
365000,172518.4630866518
345000,412811.25625816797
429000,509179.3432748582
235000,290089.8250093295
640000,1052029.580222047
450000,409195.9226522738
127000,-48018.36080070154
466800,473594.36854121136
199000,135727.95393826754
233908,278176.003520917
228822,60169.45204494987
165000,157524.5168205807
280000,346136.329476993
2900000,2721691.739042251
530000,569090.2242215102
750000,784382.518674815
695000,729225.0678765409
498995,352552.4104241347
310000,619581.8714145954
250000,-107740.09903817112
309000,180254.03099765
99000,37087.97423697414
3130000,2805346.408748368
420000,497416.76334821054
245000,445692.6274662011
900000,853173.8165439041
240000,306129.09739269793
120000,92367.92211067863
320000,253326.61750304955
260000,279379.0903823506
280000,167167.7633065512
695000,606410.7343245556
625000,781885.2711946489
2200000,2391949.3085086653
1590000,1565702.8105128405
220000,275308.4199131857
576000,617847.6629438088
890000,779114.8562932032
1990000,2516829.4271232327
465000,345141.18150048703
350000,316728.66013918206
165000,-77557.69453425426
126000,102942.0269739984
215000,682926.5629791423
695000,1229313.3538945732
810000,1273428.658602769
485000,394341.67426072864
133000,122830.09387146775
1395000,1280764.378884557
149900,230612.37735363183
360000,392817.907314503
549000,550618.3298423564
130700,153658.9871576575
450000,305366.7365733532
174900,157559.10350795276
675000,669161.0367637136
385000,753548.0205097242
700000,884136.7426726809
280000,304463.8769513339
600000,616067.0089721493
630000,707415.9465873212
175000,-86429.31162054336
255000,444169.3469302736
795000,793722.362599629
849000,789385.7671511762
550000,620521.1624403809
414000,586070.3006610569
493370,448431.4920180866
1800000,1610451.1060291931
3300000,2823426.8354467587
430000,311476.53628917073
395000,381467.50304121955
910000,992433.4535349295
725000,647707.7609693274
682500,701921.229825808
115000,48592.51767099043
885000,868196.2172660877
210000,121336.88674574345
390000,608151.9223962924
499000,523307.69214281114
365000,340190.983023978
131000,153614.31219871482
825000,998857.171145655
170000,124650.62266917445
141000,70100.54487478302
570000,691791.8423681125
149900,660.0283241837751
360000,530522.2745783412
95000,-65705.32508337928
650000,683978.8014604027
129900,96603.65587972512
948000,999298.854475718
219000,131864.06761062786
2500000,2318634.8219210426
394000,331990.39126660005
389000,70194.10160672548
190000,433956.79128358356
69900,-127886.8771219335
223000,141181.07219704147
2100000,1520299.8615309186
690000,713353.2391930907
168000,297624.3090635214
539000,418498.0972904172
218999,117910.1860776348
309000,262971.11468698777
571300,543621.5555855258
999000,989199.2355525221
157000,195990.4576152289
599000,612864.7732959877
225000,451409.54877150897
279845,267498.89892297174
240000,445978.65288192045
179000,274453.9460764626
175000,236150.5732163416
650000,906180.0428454267
359900,254633.3026069068
150000,159319.9512542393
149000,128235.41880744044
240000,466979.98874982796
4400000,3668049.3374023405
156000,175942.00013747643
955000,1003268.330107213
415000,439288.92175994895
1050000,954227.204577628
565000,632401.7866182012
1100000,1184184.5139257726
335000,627712.7421795157
832000,777683.2042788527
890000,798819.1740054084
340000,174182.6439073913
310000,219087.34674921527
165000,118890.49857337226
279000,397764.84042498394
200000,-65313.3723821505
172000,275288.5200441908
550000,850576.5179563698
99000,-54041.67446253798
531527,579061.7023675815
108000,34494.33494127588
1575000,1649625.830228821
460000,216112.07655780495
1350000,1796656.0045573683
99000,14623.395748389768
140000,59599.39619116194
555000,643347.550341257
340000,388866.15534503973
250000,90851.27667762141
645000,644808.5660023905
320000,154820.60412706796
435000,347117.4701749361
1340000,1228858.2395026837
1272000,1337379.6610891586
1220000,1431507.2775815544
385000,198190.4096509677
594900,458169.5962302909
1850000,2634443.13281084
495000,539320.3016496155
1100000,1721033.9286057986
1490000,1772328.8377723093
4800000,4484383.682831445
457000,449631.9492211928
720000,657370.0221181366
699000,1234673.7472105336
615000,615644.4106142872
1200000,1041228.597746144
2800000,2691373.355861591
230000,-176568.4472038002
549000,684797.4687073517
1750000,2004748.1718368474
125000,126943.4066188538
1800000,1691787.725134539
114000,53868.15232957457
2900000,2860070.534798632
470000,553803.3653131237
77000,68628.55916012323
268000,319329.9691073239
790000,757246.7743083356
2260000,2644589.1112337825
2200000,2438528.0678799124
175000,53415.13180124713
680000,621378.5615223992
145000,152653.2025941225
565000,674030.1453989851
460000,539567.6232846769
124000,212271.45771369484
225000,105385.58863246825
495000,444275.73820526747
1160000,1086449.7050798705
685000,603150.8148796097
1850000,2875282.3559882697
220000,302018.26477262535
349900,861911.1404654965
799000,669574.2071789353
254760,373942.786389281
458000,495209.60519114387
175000,-45141.58119952527
385000,326499.45756729087
4300000,4685753.155982648
850000,999157.3713866712
309000,379450.0786546974
2040000,2208731.012807184
1950000,1788186.3677414493
299000,367907.01872401446
405000,401123.3175014231
406000,480733.1326824723
199000,226052.7411772553
3300000,2690636.813155437
209900,170763.46442978247
247000,358767.43253864895
440000,528889.8349051685
152000,149343.28700508294
875000,1085467.124442908
1390000,1374286.0190313347
3650000,3364830.228465458
1500000,1845882.9395382619
70000,14152.818089397857
998000,1057358.9941021744
386000,380137.8858040585
755000,699419.2946525316
550000,932815.5860826191
255500,245229.6439980385
495000,338001.416938226
600000,722927.4675518016
2400000,2348532.9607917885
985000,1102263.302967825
120000,78874.94249570905
271000,469102.22859586345
840000,995202.6309518849
2300000,1999909.248891254
430000,487304.42935213924
2800000,2830167.129255938
235000,290984.01393514633
523127,676585.0020900558
1575000,1573488.7699287378
825000,1049177.6934705267
890000,933851.2691761495
125000,17919.559188280255
750000,1275134.16839062
649000,862227.7976373158
1595000,1412002.7030934023
800000,1417416.2956168214
485000,782823.2401343927
750000,797373.1999090383
167000,140968.88615855842
1950000,1894200.2446334576
215000,353608.39357428154
875000,804822.913032387
509000,391949.0611072839
2950000,2581914.327348807
580000,371702.13788334385
1250000,1520950.930291152
145000,128074.742152491
595000,596378.5963017964
570000,455011.223770277
275000,269993.32240371767
169900,90634.34222988691
400000,418623.60370757786
4350000,3521934.997106899
794000,817535.9606838878
275000,174279.11813482654
168000,73637.05707619828
1500000,1871979.3529915498
153000,-244604.16564204008
195000,-53708.888265559566
495000,704814.7819572177
285000,125079.01944559091
507000,610840.5351663941
780000,770419.0183677501
270000,272750.24554205744
270000,-496716.37090576964
250000,138809.5948751215
465000,1026429.2406021403
2100000,2168066.300771726
135000,153030.69712803385
1450000,1340468.3995678043
147000,136709.56347956404
410000,572959.7412041151
1695000,1706996.157938228
990000,1073478.1866842841
300000,146796.59625235037
1070000,1127363.647577139
175000,262357.9259645833
1600000,2183185.7837871932
395000,426988.61058287846
98990,977.4815595538821
270000,210114.55552826705
179000,270700.26652945945
195000,112800.13234871125
1900000,1726273.0225701954
900000,796294.6067440871
100000,69929.11058675498
355000,393966.5403023666
650000,704184.8521913227
1690000,1460085.959898271
185000,224682.94392698933
515000,649315.6559788091
249000,142587.26514664735
165000,100355.01870048919
145000,138485.11403507472
4000000,3319059.2449232093
255000,179641.83141066413
549000,538459.4562385828
264000,165719.01588257245
535000,678404.6604229293
285000,153727.37483154458
460000,566940.6479241959
155000,176633.9831280805
418000,346094.7517311301
210000,225193.98081406712
530000,720913.1969165009
90000,103963.8818912924
170000,158219.41969200724
367000,468865.0986675818
425000,456537.2904383084
850000,880703.929583001
135000,129170.10259935656
275000,330065.7309933361
180000,225884.37404741044
295000,124141.47121359024
139000,81429.30209417292
315000,352137.4930768487
520000,853439.2143089804
575000,866094.6182290609
175000,97709.5709759288
1495000,1741689.4451021892
1600000,1493409.191268317
207000,64208.33013990754
220000,-4073.3712149707135
780000,761908.9065695755
375000,361100.1099221786
238000,314081.531612416
619111,699545.7062588257
1850000,2167204.3572026566
520000,533693.5462514833
88000,67762.8589618185
295000,404288.21233543387
126000,110197.55915233493
1890000,2009935.7817625748
189000,154251.25458452397
370000,438858.56856872997
645000,585747.7813885122
235000,213363.20800412516
127500,74703.88256960292
1950000,2169855.6197153577
255000,181084.92605013167
350000,281898.2380419661
688649,801446.5306499782
240000,292434.01383628114
890000,780926.9869465169
95000,-3366.8440693961456
1100000,1233338.892577216
110000,-61292.31146403146
142500,104596.69278781407
1490000,1330233.2127145818
369900,350835.42808379175
415000,320633.1115074051
275000,261437.432621916
215000,242182.22153801075
620000,701343.3377765019
850000,854612.3909867832
99000,58215.833158837864
995000,1513207.1267491728
690000,811044.6874015939
266500,257798.2650644863
865000,703911.398395387
425000,609532.7358623247
698000,519715.0268373048
1095000,1513094.6307256026
84000,-28909.637416791636
160000,106532.12759323884
490000,476792.16400960356
257000,288409.4757604021
1100000,1461441.9307356859
157000,81637.90664471977
475000,472383.295948072
125000,33849.360827105585
360000,421897.27559070813
199000,22817.15494736156
1350000,2025047.3617755799
490000,551642.2794150459
740000,628156.9431416456
420000,344065.0506714607
279000,432564.03375660407
1975000,2363151.848336635
175000,146105.63611956232
365000,465074.8407842522
429000,387755.7408639772
170000,271852.2158042437
740000,993186.931198593
180000,45143.82511377451
2300000,1987736.0488412613
790000,839370.8614822881
288549,267804.8635543338
550000,576913.8299965847
2000000,2196460.803684075
2650000,2605660.3742396543
1395000,1389947.2968759933
440000,513523.9085209047
535000,531671.9800704399
195000,400460.26190071495
895000,949477.7461997005
230000,161638.92521784938
340000,369820.68399977154
225000,303800.5272567309
495000,467313.649323893
290000,191774.05124236445
845000,741836.4155331758
2050000,2478994.8985016216
385000,1282316.6208024144
295000,625534.1506211574
550000,509617.23523778707
340000,459254.2296794442
130000,53541.498604109045
200000,258508.51967336296
199000,196850.13653278287
610000,672359.2591053286
109900,41344.731897558435
235000,236116.43872248364
460000,445519.15807593794
184000,100013.18174738914
1750000,1462011.0376084018
1600000,1853662.3041032902
425000,333618.47007138724
1237000,1312906.6879173946
840000,805525.3512992214
260000,148205.1071335181
825000,1258700.9349586612
110000,42422.00104570796
1549000,1444836.308187995
1200000,1229382.1134896728
675000,620643.2918761562
425000,413245.9291858628
545000,586736.1495540651
85000,-44884.824191068416
138000,123366.65918093675
126000,101440.9982217541
1690000,1662956.1450742846
355000,368525.1324962905
480000,705573.1141831476
599000,542340.7380440315
890000,1060274.697020778
1599000,1915552.0791444
370000,401316.9986568599
120000,63047.8926333288
190000,231296.43265331525
1480000,1368275.7040534182
4250000,3065877.3483125945
1240000,1281725.4839846478
399000,325440.7039090419
1187500,1149548.2505847872
599000,410601.7650332512
1430000,1377015.2239940627
449000,353253.14588770166
158000,-132395.92687693588
285000,280831.6460594586
1300000,975415.8486971168
159000,114266.41153587191
420000,284918.48787264986
525000,493427.71465610847
990000,1115984.667680997
94900,109384.24661246198
165000,150320.99201288656
130000,165957.28248815157
1350000,1492759.2575084115
206000,68858.08287485677
158000,118206.54200226616
230000,-8796.689137154259
262500,233402.88905695325
215000,154746.62436210678
364000,362312.5586649082
670000,1327763.0563041586
1125000,1112005.0203373788
145000,103206.0356927095
325000,139358.397034931
800000,839545.1693251871
130000,117167.5437093617
210000,112237.51265395654
725000,797781.6252295669
670000,611616.32554466
840000,720677.0540451576
250000,157688.9296043734
273000,128269.14065710967
130000,138136.45375430142
122500,76622.29999675322
2990000,3911286.96497787
400000,579726.357418543
325000,202185.1969188928
140000,161169.75785406044
195000,-154983.6643316514
1575000,1624988.0150650349
1460000,1851779.021453207
139000,135911.51298949006
157000,239156.7397395273
251000,339312.4822332214
1780000,2172795.370021852
489000,404235.55333129194
250000,351706.41616712406
1400000,1496730.027725306
149000,-26523.533979669213
595000,420422.1929152389
336000,603975.1972916499
1290000,1589540.8257886232
730000,635183.1663383793
135000,7028.219798122882
920000,957260.0582211392
160000,226580.42823171645
597894,493821.5946067497
337631,328659.4905559736
2150000,2477978.987905287
415000,412321.856296537
146000,174453.54057963187
185000,269492.11576115765
7900000,4730577.978239706
1850000,2135485.502782374
135000,52070.73870573449
410000,195228.759674942
235000,-7087.4589995781425
1090000,1054712.655571356
415000,434552.0050630702
210000,171186.20577285788
124900,82743.66792703979
2800000,2647699.90895317
147000,244276.82993366488
350000,152173.6440306186
195000,367430.158645834
535000,627705.2548451953
148270,64885.137496694224
140000,116169.79719460662
960000,954759.6164123954
259000,18779.084811186534
260000,338024.2166628137
125000,63411.43775991083
1300000,1352004.3463730055
518000,418517.261921163
469900,529417.2633045972
589000,419949.421976313
489000,683016.0650479959
115000,46587.47908912529
875000,744558.6457889882
3010000,2842752.0659858105
1950000,2264484.3945309473
650000,371237.6386333632
1100000,1138946.726100381
3500000,2292862.3000281835
170000,176287.39875414688
3960000,3472491.625447773
215000,180991.6612639717
339999,211597.3393487255
145000,164382.44404493313
825000,961671.8197277987
139900,84286.20283209358
1080000,1164460.8867050349
575000,554633.9595589708
357000,528200.2213987077
375000,326362.8822574551
129500,5405.215776877711
165000,52586.83586476627
860000,868899.3896572485
249500,275532.8345273081
180000,23702.861838842276
255720,208630.86818930518
83000,-119538.11282577203
159000,19692.264793663402
315000,80923.66995674104
156000,84347.05451740115
450000,697494.1604978208
635000,615825.5167895427
930000,870013.6342474523
320000,210840.77038525126
590000,636119.9670600297
1500000,1518062.8498497966
225000,341239.2416571261
179000,192807.7826761217
99000,41144.058396467706
230000,286220.8287476511
250000,424294.0609188636
498000,705477.6560587833
762000,780952.5756924404
689000,592901.7519216926
139900,110858.00355345593
1550000,1647979.3797873696
139900,84359.70386403042
2900000,3113062.398415846
350000,475921.3841026982
109500,15283.610970107373
1400000,1378458.6542600545
194000,254667.95857116056
193400,212568.12405752734
305000,267578.19875155314
419400,363993.2100489601
850000,815031.98420358
299900,334841.45690494037
155000,53213.02185252833
260000,310795.4839607554
577142,601066.8152224615
2900000,2285863.9139719997
2400000,2013570.9389837147
299000,104635.3999001485
375000,191841.6266667489
285000,463710.490298496
1360000,1335299.329402281
675000,841893.6619076224
350000,159605.12162424473
564300,557306.3652331266
895000,841472.6397325632
600000,438985.8720694318
298800,357183.73940099194
420000,389005.4599819722
228000,237778.59382303286
242100,99415.24430896807
795000,770846.5340177307
178000,209818.14085902146
120000,71915.30562688154
382000,368906.27658744226
360000,349616.81587838987
154000,-11540.868638379732
795000,756458.0753959607
1800000,1612900.2159733481
349000,626107.1955251145
460000,434371.0059160782
325000,359293.77820109884
362000,340017.3380818766
180000,176145.55186153884
357000,334541.7680479193
619000,685972.6417434642
890000,1284657.9945903942
125000,261656.63943136088
345000,418873.4594142934
960000,1008318.7239954579
295000,444312.538478088
177000,153298.15425138245
334000,272869.16470873717
369500,369170.60837145924
690000,739131.7338835795
210000,234474.03468097805
499000,716100.5988340878
965000,973189.9693591268
850000,1056767.2050149224
2950000,2674075.718550162
167000,296957.7082598838
850000,1135428.3983245043
175000,25278.21425956313
2080000,2125157.4007689734
571000,563357.838782677
129000,36053.57840009965
290000,451542.14937074605
1250000,1521767.9151005251
139000,11666.722900659428
71000,73252.56597224262
298000,427056.2711375506
337000,424072.84397390514
232000,198428.90585000196
339700,471113.30880810565
170000,188133.89227043197
220000,157538.12532750354
695000,639777.2479793065
710000,703764.8983819756
595000,1468634.8637297668
485500,479421.46711837803
240000,266903.5546512906
415000,448791.9659335173
490000,516324.6818714773
119000,12931.475233610254
3000000,4944248.385729394
189000,251421.62203616445
189000,255161.96137634758
450000,304816.83001359605
995000,975315.7313723147
460000,498657.56129273574
2650000,2218215.7187101315
464000,550384.3420315487
170000,134496.4426478945
97000,76194.83206455829
320000,225945.3608186877
2280000,2372739.7212940813
857000,766909.424333495
95000,-18348.104264991125
430000,416781.22900870466
175000,241195.58738494792
2530000,3371145.7634211523
665000,718470.9513780891
760000,830988.6782740223
360000,166879.3176364578
630000,703165.9194225464
520000,536398.2489047818
810000,704717.7414446799
183000,130823.74449093756
154900,-84371.16885358049
850000,874524.0621727825
185000,211820.73076775193
350000,200611.77300952672
310000,-243581.73688866803
3500000,3263623.482117387
123800,278227.7585995139
179000,119068.33092369395
639000,687130.2351530613
1650000,1545744.5812613466
105000,-152100.90515875816
410000,194953.79505944968
475000,580110.9801756743
3850000,3411074.4899317417
690000,842330.1174292061
430000,1369594.5799526204
143000,232035.8912244956
840000,773119.4048357288
925000,861816.6141016388
460000,644016.347129954
495000,749424.6290204726
8700000,4944474.148254193
798000,532653.641665279
899999,977707.7476986472
238000,261742.6011536601
439000,400785.9953348879
550000,540727.18857581
2250000,2530498.844422482
110000,-88755.09880796017
850000,927327.7997614061
130000,-132706.11173040746
450000,635471.8263361922
430000,334657.1229621938
272000,101335.12103901105
1525000,1771632.3767360286
260000,137670.23473028105
164000,200031.30050099047
145000,202050.5389460104
458000,421522.30342705944
480000,549609.8428714814
645000,470504.5585864305
1390000,1727318.777963406
339000,217177.22301058378
260000,358636.2036121183
150000,173837.26074319193
380000,627636.3726486234
1650000,1530658.4382383341
990000,1948695.9003656665
318000,397867.64436232037
128000,250404.06835150538
129900,134595.83452052227
122000,75867.10766435915
179900,-192972.29049296002
158000,250328.507918861
1250000,1130380.0026106446
675000,804264.7040271001
3900000,4504577.930550074
204000,235865.03351263743
198000,265219.9697073457
134999,95647.42723079049
1100000,1401912.5568526718
438000,532831.8702855059
140000,229520.7653217095
2750000,2252323.111083801
825000,589076.2115336995
495000,546159.5094162229
185000,143153.45585693116
700250,630634.6175541943
130000,-32213.970709218527
1800000,2210957.940783919
2290000,2399510.8202136704
190000,243492.115610681
580000,582551.8960800876
1790000,2276787.940799363
1500000,1854966.2613283047
460000,352019.4201668241
250000,426643.8499527471
2200000,2332247.9878045777
690541,801607.7713627971
167000,-46430.698464501766
130000,95502.73186361464
220000,315439.5107008224
244000,373076.0026976781
279000,535712.3798315092
550000,577289.458491094
279000,440017.6699887216
150000,247133.4929958706
630000,736851.2428450843
1425000,1345772.4487945181
625000,738598.6600761509
160000,228981.37518705486
148000,131464.9935861756
755000,895552.2905329331
700000,560965.5422982818
385000,381508.5229591819
189000,39676.57599903399
720000,704630.7957174032
160000,216858.67828602338
295000,312512.70347734354
144000,128954.42882668227
200000,113599.93749495223
616000,743305.6293991993
290000,322838.8426094268
980000,1258129.2505832775
131000,-156675.8215054929
345000,368668.8784657264
235756,130254.12703675381
165000,182288.567245043
324900,279973.66864918015
187000,270129.0364032101
145890,173815.89752610074
174000,268005.53114583873
259900,284841.7503868175
760000,741183.719868454
380000,470774.5138227956
250000,74201.11598287465
2680000,2307567.302105798
745000,811520.773017621
540000,452459.1939744458
439000,282073.08762029745
595000,573610.8402514778
154500,76567.0880941042
140000,-188859.75314381951
1900000,2009189.5345452488
299000,100517.91677086975
1690000,1488592.7983122708
156000,220092.7137312874
189890,172111.59698397864
130000,124.32402023475152
1465000,1249985.8941103795
2200000,2518743.3140704944
395000,357812.0017672846
170000,194873.45149533905
345000,238102.96996399452
550000,802225.3053960294
2150000,2065597.8594588246
825000,828005.9228777644
133000,49325.265586415655
170000,213298.63628525333
539000,559772.2536717539
920000,830321.2659885825
238000,231055.7973183894
2200000,2694875.0320021315
3500000,3044417.708097353
950000,1035302.015356968
695000,751116.0814113405
430000,388565.0438400633
1600000,1334423.0341933188
280000,226046.55605637754
350000,373366.4517780039
550000,771202.3383561939
520000,530236.6658389941
149900,180321.6250747256
141000,107029.15925725852
589200,714529.3341191706
1425000,1587379.107383078
520000,535435.1871335693
178000,192696.0913229676
150000,154370.511509076
415000,132037.3980313103
725000,593259.7096526108
2350000,1841863.992138348
85000,-9756.21557615581
129000,-21058.292375185876
690000,1430623.8881675806
259000,294958.54611867765
363000,359780.23368076526
2100000,1788974.7124630287
440000,392695.43316998356
480000,544861.8941152007
99900,21093.316101440927
475000,513109.17184379057
230000,99040.68728564424
378000,657252.4273923523
978000,1153291.766396839
145000,127484.26821530797
155000,144338.07575089228
293000,357380.8437540909
655000,1350185.141634874
1150000,1030316.183192727
780000,641062.3860367109
140000,-62204.36232673179
639000,626607.7070796392
159900,70655.49177345366
152000,157953.83417029562
549000,507564.09347987536
390000,536442.6767955224
780000,793386.1190252771
1800000,1806083.2936646189
134000,62050.822440040065
199000,243473.51798546035
130200,148981.49639513087
380000,192257.21094697714
335000,315474.92121413304
765000,829738.4977648903
449000,541339.3400419517
1980000,1831090.8448584042
481600,518544.15456886945
660000,541153.1664001376
4320000,3351784.8176264274
371000,253193.43364476372
95000,-83121.34467522579
155000,103993.96754753194
265000,260565.06511838513
2200000,2350865.469422244
360000,410120.9427343674
140000,161064.0176550984
495000,498463.3636413122
200000,233699.14911660564
489000,525968.8703877432
1560000,1390480.8801244493
130000,173230.75383161486
575000,710384.6208422972
522000,539270.4403094656
218000,161839.45100871992
460000,379995.6332519186
890000,687660.3697634178
650000,1616685.278171931
540000,610738.0771204119
1250000,1477389.5506363828
235000,252566.3907686298
179000,-175297.9942024547
156000,74313.88327893498
159000,170731.3037337999
150000,-13690.452779563493
1500000,2257643.1968514607
850000,1227428.9453139966
890000,909809.0236926847
224999,303844.0901415911
700000,474965.30919953436
135000,-16409.81230412249
123000,82330.64971911418
520000,543091.9663117167
998000,1197239.0534782773
665000,487840.6770502858
665000,294399.29744884395
405000,438773.5861622143
1750000,2171880.488863449
170000,232221.16842515097
391000,630599.162526716
123000,7135.431636013207
271200,305066.30327704875
1599000,1557423.1777479392
1240000,1278100.118573758
1550000,1641757.104264913
485000,437109.9895839913
165000,106287.09613818955
200000,182821.38755721383
269000,246016.68232993287
165000,162035.251084728
97000,41416.33629557281
475000,503129.0507414135
1500000,1450568.2850000733
375000,240029.39232615125
139000,-70213.75658291986
950000,833434.6236581329
99000,-125944.90438742563
135989,123965.33481943817
377000,515786.9061906269
1150000,1040159.0999528493
665562,812094.5115240789
350000,558763.9269559511
210000,298202.75884638395
375000,255200.61427615938
520000,508317.2706761166
995000,839175.5343097049
1460000,1469801.305664375
544100,545390.5990964399
2599000,2388304.92429985
650000,661371.6723190729
145000,174362.77648020443
160000,169704.34540767584
299990,241402.33883143304
640000,615172.3196427517
1450000,1581314.263831198
790000,531746.3764948816
189000,142678.9308098259
360000,346884.77958215453
188999,107659.62674650061
198000,247829.2799868522
750000,872151.9860243184
547000,572320.5999874343
110000,78571.93524530623
125000,-143119.8775572126
192000,55627.45685299032
299000,318132.3904940863
345000,315116.6515815735
140000,149321.67738388898
156000,180507.63551258855
320000,530921.0373696889
119000,154668.39780135278
83900,77090.17719725193
452000,561170.9099940617
139000,-22852.05277105514
126000,179857.41681130428
1200000,1531195.3205738517
359000,358626.14920153964
130000,64628.49042819301
623000,709698.8465989984
155000,150779.16819717933
259000,345259.36898852437
236000,117697.85671026609
278000,261075.07804470905
790000,686679.3277798031
400000,354480.44922912057
645000,546198.6442829821
365000,662432.59049292
365000,347374.9043520321
99900,-203883.13063740288
114900,-151589.4146262674
199000,82504.82374151656
795000,1133783.4829868195
129900,93944.44077674043
695000,903172.749019365
950000,931617.7399238958
269000,328588.739648165
49500,-84869.80673286249
509000,656021.624652456
109000,139788.4998157546
4950000,3786414.8841086524
1950000,2822270.7026231643
146000,189576.77527850022
470400,546628.9117759352
250000,342498.43074301945
133000,175544.97199332295
194000,261834.7491322533
116000,151785.35225204262
128000,-49471.22454839852
295000,525980.5616344122
139000,201110.48446903657
890000,868533.2136100689
140000,-29180.0690994123
2200000,2624251.929677449
710000,769388.6875825259
650000,710865.0234378509
155000,167084.9513117462
134900,110337.75734868296
347000,308550.4692690882
240000,207336.38451594778
890000,1078617.5246361154
120000,74863.49815918016
260000,183210.40671028942
785000,712118.7436344636
525000,575459.2401977684
398000,575130.0742433873
99000,-57763.334668566706
495000,460667.17988156545
544100,547782.7839062555
250000,205335.9317463659
549000,485249.7189435692
690000,657953.351195708
3250000,2916802.6543823
326000,453579.8200804741
175000,11405.358560447465
89000,57044.25485221122
1350000,1256771.6506352923
595000,583574.8027808126
220000,456001.10898452287
905000,853374.3630448438
269000,318399.2830813408
280000,381500.3887836555
169900,142028.88220108324
695000,633854.9836555428
400000,566160.9528855433
3500000,3007554.770068305
220000,228940.68518992764
750000,761960.1630271542
630000,580875.7380757824
205000,285089.1979315401
255000,273320.3786534278
448000,506874.46042270167
810000,1314210.5477145582
270000,231288.63379730127
1460000,1618800.2212860645
139000,79311.21393358591
220000,248700.1179510972
82260,-132646.19249457424
360000,384669.5884513502
265000,356744.8112054528
2750000,3086364.7999177934
204000,219991.0997795791
2300000,2407160.2347004917
399000,240789.79262811446
275000,218830.9451708935
650000,472011.3921107898
455000,558981.0918931984
665000,629770.1683638999
285000,250010.58730016788
92000,-63103.86662992765
135000,123735.81483765063
215000,47145.91379781952
1350000,1479874.595468197
200000,174763.67357845965
135000,174150.79530677607
1091000,1113883.5410084121
187000,255559.41619159468
289900,530467.9276012274
1690000,1540919.4121370711
577000,597967.5065944516
580000,641353.5662942798
330000,325413.5768770339
300000,328380.5149299916
550000,583725.1513470871
1850000,2765282.1459320528
434000,412100.505764063
2900000,2482584.1067225374
790000,810049.2667561495
660000,539114.7078174197
1290000,1224414.542822986
554000,718191.3492293869
262000,400530.739029604
300000,354755.0931497368
258000,230683.49979867192
210000,94998.75176191633
2850000,3271937.2804374616
325000,725839.8065209532
437000,547333.5220777597
1050000,1125041.7861126128
126000,-215805.09048923815
155000,28203.24614587659
225000,115545.1462193327
155000,157138.59744771686
945000,1281564.33248813
135000,32731.749067788478
185000,-270971.9420659782
256000,233375.388561566
354900,460612.29736804485
660000,637221.4189128571
595000,687194.6277269633
1150000,1162337.8137580892
300000,597516.051243838
580000,631776.0242686071
650000,573085.6140628658
4500000,3759355.3247444117
119000,121962.5058149799
398000,398178.687459329
1500000,1381390.4540304183
180000,208160.77798087877
649000,481223.79471765517
1590000,1560203.8670416842
535000,800431.7703305419
490000,696951.9832149216
1950000,1913518.301153421
175000,273512.57101910835
860000,949931.6727204463
260000,310686.6325805967
370000,563979.9160219784
696000,688997.7043490534
900000,901802.6363550709
3825000,3135591.4145390675
349000,337050.56604288396
470000,683170.2876980094
1685000,2135325.446650997
270000,286952.4306621382
1250000,1406931.8283865526
299000,271460.13521656475
350000,427479.8459063268
609700,480422.3947307209
489900,351611.2984461315
1599000,1656834.5889687128
194000,232181.73292043124
292000,428298.378790764
300000,400124.4707148809
550000,680409.7967728365
210000,-131153.72984075593
127500,-107383.63405644463
1110000,1615203.4509384301
149000,118401.4459565978
164000,45261.42458088999
320000,504976.87213377137
755400,831698.4917923607
870000,966558.3376259776
310000,443042.5039653012
877000,872923.7810709262
155000,117565.8906832498
410000,447162.6472844482
489000,390763.4711477973
195000,38957.93912348349
830000,867086.6638199466
85000,17785.109690550016
450000,471366.60063292435
595000,632347.1681166489
230000,30007.97158924956
1250000,1376567.1040722905
3276000,3034001.481713312
730000,747533.5492745329
145000,143286.23483628407
490000,639005.7016452047
1850000,2548583.1745260204
665000,701262.7980641337
199900,61572.746313455515
930000,1126395.7900773785
4000000,3453851.632794602
700000,551018.5144754588
2100000,1765084.4062954038
365000,249332.8286470945
2100000,2110881.6465635323
130000,103851.66891253635
1015000,1291494.8838243526
660000,1109154.9358151206
520000,435688.4197864891
120000,75014.91324152006
148000,206435.20781991305
620000,1931123.2787725516
165000,190534.47435119736
118600,46912.80862871173
190000,288274.074263158
569999,571006.5177330252
499000,376830.2193618226
590000,506834.1534316327
895000,872193.8586529633
180000,55536.049290484865
675000,622196.656677026
230000,152955.2665282325
560000,397830.14311207976
1790000,1932386.447898637
675000,549901.6975933942
999000,1127469.1566764805
664797,724809.1938952005
215000,65842.19650547416
150000,165275.5272567547
670000,594059.4644308453
1600000,1897345.4686076683
580000,570265.7709494564
564000,701562.5305552895
229000,-1316.1153426627861
251650,343195.72744197585
360000,128265.4950178871
525000,552098.9258797207
272000,648105.4029701925
167000,82183.2412237539
280000,153371.69779968937
550000,557720.0771385297
1950000,1834535.1138820462
650000,871523.9225766188
280000,413390.9824853084
580000,537592.0465622342
360000,346513.66596473707
375000,362525.84714066616
470000,419659.54009969084
349900,359949.4341848255
164900,23658.94808918878
2200000,2556232.2229362987
269500,418594.20084503293
243000,318489.8294289983
990000,1613550.1656116843
410000,493944.0599722611
2950000,2193490.6449978
145000,85859.7898350847
1150000,1043894.5856783526
129000,104517.33231196553
1250000,1350951.9895122382
278000,382117.8236098184
229000,394880.0183833335
169000,170989.9606316124
330000,247453.3461216541
130000,-38019.46582973376
359999,330476.0252960071
229000,225793.3829284144
905000,867582.0165365044
565500,835918.4105934704
198000,166190.3673589835
1970000,2254560.077706512
2300000,2263931.9757664665
4800000,8175161.626619311
1400000,1361054.1405182218
485000,388362.7010963292
368000,354404.49497513624
127000,108762.55558638985
135000,217411.2118141509
128500,135284.77765670023
234000,211322.15255987598
447000,288520.01514474873
162500,77880.68546765298
398000,227691.32221244992
145000,116982.75595801394
485000,435515.16280613374
155000,160465.52960437292
829000,953047.6029313311
679000,655806.0941661749
334508,335265.4506006663
2600000,3259949.761847422
349000,173316.83348956448
480000,504059.8650758917
1780000,2072325.90107913
650000,661007.6939620072
510000,448238.9453095605
126000,115740.46447430435
162793,95346.18365711835
395000,370952.6135435768
630000,965540.587002822
785000,812018.541784698
890000,869346.6127116643
950000,1028987.4971371469
180000,178044.0390807913
218000,227107.9872215488
229000,310551.9964836251
97395,-15312.813375329948
298000,225587.81128916587
235000,137217.9639485489
1095000,1360771.670382674
1625000,1489165.0381148767
780000,770818.7187901478
835000,917185.763311331
890000,1004256.3772291557
3900000,3304616.0136514395
126000,97864.5347475966
540000,471315.068721222
795000,781834.2709701395
127260,117585.891561887
370000,351855.782201669
100000,-18543.82089514355
181000,184716.58945021027
349000,391583.92791022756
2000000,1913236.6985382233
279900,685874.0884768616
203000,-201146.50252356834
142000,132344.30472190212
240000,181347.09969968186
320000,403496.08515056054
334192,334622.8151916138
755000,850377.3574942665
328000,217451.89443787537
410000,661428.1222714826
2200000,2518380.988730519
400000,155444.69867042184
85000,-2103.255036003189
1250000,1190403.0319769224
260000,226673.83211696212
140000,78874.37955778255
126000,65963.84209546482
840000,580426.658951437
2400000,2272985.6062292974
585000,575925.9793052285
698000,599354.9273208239
240000,387206.6418736613
950000,879635.7158029715
390000,530913.5684953118
175000,108232.34318204306
170000,156265.37697608047
108000,167235.5529822632
890000,867694.9831503519
1700000,1766224.757475201
298000,302436.01498768537
136000,11753.928028067108
145000,184008.32349635102
994568,974335.584453088
890000,789510.2235561749
1420000,1533323.5811378825
135000,180081.27624205302
680000,687324.9266874348
429000,329859.8915399638
230000,143162.98949137935
99900,69741.73596533062
375000,255791.7667369414
490000,261476.42191845493
350000,403168.4716109777
215000,306742.6277981668
2000000,2232896.5699305893
1250000,1646284.5470040233
2785000,2225215.3758455003
899000,1200731.6821333584
579000,540641.6215687844
695000,744963.7822309247
845000,813747.0656021159
998000,1269537.033302879
110000,-3866.6408960653935
127000,25978.162737800856
830000,942523.9767260501
445000,549796.7895480563
211000,141334.06582549564
170000,156934.72106056532
795000,642988.3514970675
110000,157409.1557821962
650000,631445.6545477305
123800,46055.812897264026
160000,99211.08443934575
1650000,1166832.6308316728
218400,346400.8567042764
359900,359666.06773589057
155000,147020.98458514805
790000,685593.1837614299
111000,65065.9679068299
480000,497334.1295510264
199000,302540.79294095666
299000,151340.30015259783
2000000,2055596.9636281547
1050000,840396.0234682832
240000,27222.685345676495
895000,797183.500617061
131000,-61610.03492189851
480000,372918.11255205865
95000,-1094.0689113431145
214000,229468.11279223795
345000,317989.8013147174
661000,654232.3247326752
350000,278679.3725394565
140000,135485.81891520205
125000,282284.47090330365
146000,15922.155501279281
120000,113638.8578066352
780000,922160.3716994817
310000,352564.9924125246
215000,287177.18546478177
190000,156992.97138839378
695676,708823.5154742254
347000,450444.2062095604
330000,381639.8560194336
309000,121173.75785191462
405000,617158.2612348536
235000,239492.35416819283
285000,264267.2943332817
630000,680246.7192122489
2700000,2366609.752250697
4350000,3340906.969904816
230000,329724.88665442757
1250000,1173517.4034664296
100000,-55691.90152798535
410000,481623.66481741646
195000,108343.55472225766
3300000,3370332.781793986
1125623,1114329.7696649637
266122,346704.0822140822
165000,296816.6125227442
1890000,1984140.9456639593
319000,371984.6747777407
354000,204647.7818540673
245000,-134331.86294096312
199000,170340.0245857013
568700,893662.2682691872
850000,815038.7598596488
2200000,2563393.8955213884
155000,139434.22751447558
140000,-18416.85797967494
6800000,4275724.294538957
620000,526050.5537100725
1079000,1052444.3289458689
530000,538448.7246269241
1387000,1351214.9384103501
179999,95840.54098286992
3480000,2838695.9723283844
604000,611551.9473781968
585000,628119.3597642677
4155000,3347812.5663411235
280000,230096.96584921295
255000,428366.6761535055
175000,50411.34437296563
600000,535489.9927563106
417000,252101.69573126745
1400000,1347470.8912048726
439000,333260.4086093743
165000,129424.80662609637
378000,311629.04732831876
210000,321042.48338614736
147000,-22567.735936196987
105500,47259.94425199926
79900,-23988.867214689613
950000,1377287.1916876235
164000,232521.08647590334
395000,368144.27900818683
162000,124167.6284574254
165000,243286.87088912213
421000,425418.1442602884
85000,69914.57058541267
260000,317801.38256517873
290000,258877.95645344444
2850000,2717875.9789666696
128000,92858.1181987985
867000,824011.3406356394
123500,83186.69585428038
590000,628900.0819925268
950000,872912.9787886275
325000,34611.515928994515
850000,650510.5754414254
115000,47232.16896060866
1800000,1787162.6722164503
2100000,1907380.7165324665
220000,219828.60621067468
375000,407275.3114147285
115000,116098.7391694492
169900,262114.78882092418
550000,728686.6049827085
672900,1000169.448206645
796350,829558.6562066157
2000000,2114686.0960516906
119000,88448.78088600084
515000,925514.7217585524
455000,604882.728450831
320000,435651.5393882372
610212,580846.9586377076
3000000,2460029.301013651
1430000,1414720.5182725177
538900,544481.3368460627
170000,280065.4661027277
1343500,1496808.9734110413
329000,282407.57594310894
1650000,1337668.158111326
499000,520700.776069008
280000,347949.4920432299
1495000,1493866.6135399325
235293,235894.41437166574
359000,439112.6462452681
2850000,2832413.248889465
110000,141111.87118421623
330000,312074.5052061528
4100000,3429839.376552153
95000,63261.87214040884
348000,737484.7598101593
249000,296537.77676820516
360000,-24164.871921404032
620000,702602.7216067958
4500000,3923979.9991144775
250000,224010.46770361537
310000,401668.8410106485
225000,130314.92892878014
660000,815463.9706155602
179000,150029.20118879096
930000,1365585.7760007125
119900,156648.92184445774
810000,925168.1448212053
139000,280323.93324931565
750000,650089.390897718
150000,44107.31424777722
750000,833609.2007842871
112000,-68082.45678495243
215000,471030.9263270898
300000,287235.21681919566
950000,844078.508885596
849000,766363.9113250608
390000,421570.59779237164
286038,262176.83150021004
990000,1619265.0315573798
215000,311300.5232665562
1490000,1325361.033796729
285000,206663.44224056404
420000,315547.2951592635
248000,191488.2691785749
500000,659646.5646565146
150000,141101.51928141178
980000,1142928.1316786564
99000,40818.820946074324
160000,185553.82483867567
345000,440554.0006938776
215000,-50479.05380073178
120890,147135.24221528484
235000,429758.5235577276
239000,92710.00356621435
139500,60088.68071481958
260000,15916.437995323562
650000,510446.53377773514
811000,724449.2109800602
700000,564386.8797632144
570447,527482.9205654585
515000,977656.428044986
816000,759336.3691133818
128000,108686.38417220535
265000,542698.2558518316
287700,403118.5414931331
227000,159792.64467573538
245000,344658.15014005825
228000,256985.5901338766
329000,126390.07420966367
448000,457890.6853183998
299000,349057.34823042643
2150000,2297585.910355501
2300000,2763654.265069566
420000,476974.2714721896
105000,-18244.0612338403
2200000,1836890.2233406282
3950000,3952974.689620141
597000,826521.8609526602
96600,100412.24482527177
136570,209263.24031714624
160000,18592.478523348458
495000,452306.4800249331
209000,204821.14190772793
1350000,1387528.0702900805
155000,62942.57294967817
279000,118033.31759627745
1800000,1876259.07830393
587000,763211.1124487881
1150000,1221929.1678208904
378000,639855.8985225648
590000,398972.254971617
520000,455107.57591963536
598000,600060.8582312716
260000,164853.94419133326
1350000,2075477.1534104547
176900,110172.42052229203
105000,39837.658830571454
830000,918250.7883151633
309000,337674.332338004
164900,63915.843586209
999000,1129590.877388278
225000,875470.2276586033
329000,409502.1355698342
299900,257818.74432591163
1325000,1632964.2082452113
2500000,2225343.8644527346
228000,102704.01599112281
160000,-25973.19682273513
160000,49545.84057443822
170000,201974.68366820202
122000,36395.646067219786
75000,-75050.71516204055
220000,291968.0520748503
634500,852331.180163795
119900,-16664.68721780856
565000,487688.49736563984
145000,172310.56866492867
169000,175408.18852005526
900000,1012406.4198047323
299000,431161.618520921
365000,368913.42263719556
325000,317762.46900997974
890000,984142.797605069
1390000,1378483.3481893782
235293,250473.32310980494
950000,1109245.437039877
450000,355009.8408240315
480000,519273.99903222756
178500,62741.125928825
235000,426218.5069327742
1860000,1849147.1268730569
450000,851879.83123948
167000,63285.19219141686
1900000,1732020.5022960294
2350000,2276949.3390464867
2200000,2262916.5149169476
650000,747346.5635344664
585000,652776.8624046633
829000,960118.6873387492
385000,424070.1765799759
560000,555566.9253340082
1599000,1764049.7064107955
135000,175810.85976522352
127500,69971.12450493709
469000,484741.17581420596
500000,613442.1291594894
340000,322309.4570791344
287000,307288.5763521769
125900,16728.538461482385
318000,422311.1051433156
2500000,2241544.421278979
180000,304957.3662589451
198000,81958.7565794664
540000,346803.53194739035
179000,382096.51394516934
445000,297661.1611238321
398000,370633.3453296138
99000,-21292.099579982227
319000,511876.087126035
275000,195971.95260503353
774000,746853.4104429625
220000,303930.760684
240000,-45598.89684190077
640000,575289.7114830131
170000,185969.03968402755
750000,863300.4591472021
239900,204794.75479248672
625000,795151.7897346171
148000,37244.3269254989
1490000,1511140.2127743103
1890000,1677511.98983147
132900,56633.183517595055
129000,-2752.7275638513966
630000,881020.7692604967
150000,144755.8594880167
150000,12330.044720777543
690000,744873.5079701982
600000,788429.5444633625
1350000,1690324.904606957
460000,338201.4316740172
710000,649748.4747378298
405000,337702.25175808894
196900,118827.72148494981
845000,882356.7809090219
335000,509796.0598823665
159000,29661.245575717883
1000000,994290.2757225363
375000,274427.94947558496
260000,426058.3695658787
135000,125309.24160193861
2320000,2572039.869496009
135000,223461.20532814763
449500,317267.01486665505
753000,730329.7695525922
159000,172030.03404657
999000,1157097.2619840996
340697,312863.27735930803
775000,812269.7081394348
358000,283851.23631011986
339000,318150.62637168897
238850,211092.53349024948
850000,976649.2982177844
695000,694617.61715527
230000,-401167.13724861934
530000,523327.7670998211
290300,294162.2418029234
298000,310628.76580365916
95000,-36288.694232992595
259000,76154.69266083057
229000,169964.60370128538
130700,197322.2857364107
271078,120550.37098318327
1590000,1638733.5946139004
788717,649841.700870364
160000,12610.297122542746
1155000,1048499.6045784394
139000,72353.54425213777
181000,131416.06586965197
243000,332882.7622522026
215000,74164.01317520416
126500,2395.8497261400335
275000,568495.6129062831
750000,870316.3160454954
1280000,1455562.4938281726
200000,168154.00698556867
750000,837982.8161158129
129000,53927.69910527952
353000,156380.12224827416
305000,500045.503212719
500000,614888.0499887606
2900000,3022183.299338346
268000,214587.4095331722
260000,346457.0167349849
575000,420064.279352338
595000,822934.1218098344
315000,317144.81844255823
230000,261660.655533273
470000,494237.7535656277
1500000,1745009.9174442515
310000,627054.5121427171
599000,525068.2523762817
125000,-12912.905275546014
112000,277459.1554172358
600000,560235.2368542575
5000000,4541401.456843897
550000,495476.92721185985
465000,441634.2203439715
490000,478222.2365628928
579000,555377.2277371113
515000,565055.9084355356
798000,1181567.3790150671
157000,82693.28728826251
235718,229758.52874030545
321000,425880.0873548355
144000,106581.22069131362
120000,212305.26097175066
212000,309303.047286403
595000,586382.6143273478
369000,97269.23578444764
890000,1015543.9784702724
280000,246210.83458810707
290000,352626.92343612434
700000,799216.8288514779
1650000,1487828.677994253
955000,1040845.9011644479
1195000,735569.7365572584
380000,407919.76657299825
1590000,1697458.0252678543
398000,473589.7635916687
225000,198077.53802722832
245000,214647.26815865614
1300000,1153114.3072320714
1950000,2104462.38149751
720000,659162.6140734374
883547,850588.4613400832
367900,476470.58127314784
130000,267573.13810392626
129900,88749.20035033696
279000,359944.2797334934
1195000,865099.1305633249
119900,-25806.31286365213
1390000,1453071.2951368894
1700000,1750208.043149868
1250000,1477341.180601667
315000,176783.05588897312
1275000,1253702.7537820854
1750000,1485644.4381511577
85000,39367.40862550959
265000,246356.19851554534
129900,103547.91191566654
127000,156895.76538109535
299000,495449.5524047304
920000,734229.1170149829
4500000,3713039.8076241245
840000,977262.8183262171
320000,337933.87446195626
954000,820474.9654550921
285000,210073.43686616322
150000,182101.72949156596
128000,68340.19419587706
635000,470200.0933579273
548000,445863.01534318074
1650000,1304182.3238022416
750000,610234.2569923117
250000,268391.54637032375
1750000,1479559.3934163284
723000,779483.5917371984
660000,677191.3222754735
780000,904797.5657501195
140000,125575.39025285724
1460000,1733243.4464785084
763650,778917.4777234538
650000,1195257.0836629528
495000,512231.2659805117
377789,499480.78715481295
930000,922298.4316058378
1390000,1930877.8691449398
280000,361544.88424211054
185000,267718.3644287713
750000,743701.7596449127
157000,58718.224871622515
238000,171761.50030516565
725000,648585.5145606771
278000,142790.10862001416
360000,182680.08037463628
320000,217446.67092788673
93000,65705.7041763094
620000,691086.018419303
3650000,2541231.848905435
125000,185888.30808440398
798000,737910.675861724
168000,155769.55066749745
150000,75344.56744801381
120000,270381.37613393704
459000,487790.1479921067
330000,363504.0615451324
749000,744880.9948045022
353900,225156.6788749855
299000,364336.28525777906
130000,119076.99503008637
459000,344559.98271514405
390000,392991.8849999573
2490000,2944520.5161115522
1400000,1499221.212085241
650000,711029.078232938
4200000,3385833.147735984
250000,239852.9993860717
950000,730331.4497169778
269900,309379.19536733354
104000,-41041.82601009193
625000,707213.4209851598
92900,10981.57960364921
995000,943637.9825053844
1290000,1964290.2921525827
126000,164562.3080720413
950000,1027698.6142357496
395000,273626.5190474271
600000,830586.5386585413
139000,188065.15296782623
2695000,2267074.3975278046
350000,470895.85513690626
420000,738985.1331821426
2950000,2622444.3767634984
1950000,1979389.460951507
89000,3002.771100041922
199000,213848.19311004994
195000,264346.0426902108
2150000,2272259.065675411
520000,576280.628669044
825000,847382.9067062172
2950000,2871020.303051762
530000,576194.1762617507
119900,41833.278361994075
340000,246997.6591034538
990000,943681.4384631148
850000,755280.9680614534
535000,704081.2063982323
2000000,2119324.3869270394
730000,820737.1197798208
580000,625393.5846851912
625000,445154.22688051173
325000,150198.23143748636
310000,211923.6571260834
615000,560869.9325749332
1940000,1916725.9670024477
2280000,2307781.176110081
949000,891784.1940744708
338379,307079.558677835
2200000,1790754.4261292247
2300000,2292618.905993858
215000,500305.1878616944
279000,-11718.552289504674
850000,1063062.8489355927
900000,836978.7288698818
161000,89474.86660582654
2695000,2356614.1436694497
209000,-169011.5392637638
207000,258951.1012524509
489469,405787.8150319738
1379000,1214553.7790804375
1900000,2624349.649461513
124200,136580.5390718663
180000,128568.98311388213
790000,831827.4220162176
370000,273376.5274069427
120000,139854.9227985295
649999,770418.1356987093
179900,225247.328796661
120000,44459.908155350015
399000,440389.0449376634
923000,977974.6370311285
655000,549342.2209361321
850000,696953.6286706327
1330000,1378184.120281541
285577,510390.48538106127
176000,-28492.52592678403
155000,121684.55702126818
620000,677615.9506942565
210000,250632.13160052593
135000,134503.26951694302
162000,179340.24650621647
830000,827434.7588296006
925000,748896.1229111899
152000,36719.54207639024
330000,171998.74154091428
670000,907492.0057447995
1090000,1568473.389880916
720000,607552.8562363556
139000,146855.2249178947
238000,274847.43971297843
165000,210652.21139662754
127500,26877.644074282143
960000,1100639.491499288
815000,952817.8278092805
1070000,1133167.89512989
675000,708949.1798607564
349000,300280.82034689136
1280000,1246916.833642775
650000,797161.7626911188
280000,119248.1050111634
1200000,1379270.8034520303
222000,168484.92165632255
550000,141899.4053710336
235000,161836.07133354142
129000,129481.5875239023
1600000,1584994.986093266
2355000,2159371.390794208
230000,258099.95875395543
299000,282308.50010570313
159950,35813.41166857071
295693,146130.29100688407
798938,889499.8696924859
167000,199013.0080237814
1050000,1006559.2573420882
230000,253660.2056452887
127600,193470.95075088443
620000,563453.4485996108
265000,227778.00160741527
330000,447753.0192590426
240000,-37533.79739162815
315000,526949.0371288056
580000,538355.100161403
185000,264492.178300231
349000,352893.9951394214
210000,307073.2846574791
1799000,1654644.3588104597
585000,730392.5884868726
625000,890000.8967277658
450000,391869.26771378325
860000,873862.0113804424
575000,263030.79286409396
212000,287433.2972639203
1200000,1389851.3329411903
200000,227004.70044148678
530000,662950.9132487912
125000,36584.23891031742
94000,60686.0801415022
375000,343807.8124901957
469000,817943.7334397049
208000,232207.97513421852
590000,579714.5836105074
633000,150677.82305443182
860000,882862.144154273
115000,234329.5033635138
520000,290607.3465067049
590000,589253.1914792447
154000,-49580.65883110056
1120000,1034067.7092540194
550000,453204.72722000943
1350000,838872.8975610528
1100000,1013989.4073584026
450000,534855.2087018075
520000,616847.7217484389
257720,180115.53877010033
205000,170219.28625903773
580000,598020.8458837287
3000000,7227781.258908856
130000,43762.24174733856
135000,72852.2797024044
700000,471198.13890142035
394000,831496.9395639524
415000,336738.9763137517
149900,194124.6581922893
570000,694497.6680665815
610000,390589.1431487751
633000,454393.92861078423
150000,220683.0216894612
1690000,1338543.0366768804
298000,467359.5170801905
598000,904197.9359172799
105000,84591.50939983455
145000,138880.57420738356
2300000,3184693.413080854
625000,578033.16261593
450000,552625.720476649
1650000,1520841.6780905616
917700,933812.6116222242
400000,497329.3049988913
550000,656011.679452254
465000,425597.31206691964
670000,650524.3842973296
700000,688010.5266620836
990000,1558741.7366672815
310000,155799.33965478698
210000,267891.9078115917
379900,421378.84203226876
215000,278796.8062611645
230000,1565.3833211285528
180000,142038.48613474052
1200000,1368812.452003283
351000,275408.5996940524
2150000,1951977.4572590627
339000,337566.75407984824
276000,318856.5537207226
165000,351032.18548959953
165000,134906.05403858458
699000,663381.2153332888
1650000,1860074.699164568
298000,255695.9853271437
630000,721407.2507420037
369900,383038.96839372965
345000,775545.6077298535
3400000,2753819.040661617
126900,181498.28815921588
420000,332735.6703262042
1495000,1460772.8755972097
126000,15770.830155672738
2785000,2257767.1372175
340000,322614.3985328718
296500,236364.02664044732
4990000,3737531.571685617
260000,396282.9074380924
169000,245816.60625863785
270000,-5438.671253189212
700000,1155889.1162178647
390000,183751.61030874436
1575000,1630614.8437033324
1800000,1758480.9932277347
549000,635102.3374295083
335000,449079.15970173746
260000,320892.27815144154
575000,337187.3264180031
348000,447429.8079451966
369000,465531.6281351595
369000,272870.8961887475
148000,42512.917080631945
895000,794870.1214386777
2250000,2085143.5209679445
142000,222353.0283503685
233789,274919.8975108315
158000,65317.68068057264
570000,773291.5074862922
305000,338020.730731423
155000,192811.16232289514
259470,296235.4545986199
340000,383916.9645851653
330000,344059.39605523116
311000,197916.43683847424
625000,351551.48866962624
1590000,1459873.4639475283
130000,166995.09043588833
450000,1055858.4157084743
330000,196409.7183627662
285000,213262.5523176284
1300000,1285559.1405926205
295000,310870.64363679755
118000,-33978.25415234186
220000,262599.53051559464
180000,-25659.508577643195
270000,328193.4294351885
1550000,1466992.4705670006
900000,827896.4630869488
225000,198483.04655522277
420000,337492.4228694144
349000,477418.31542103825
359000,493942.81057062943
790000,752034.9627382683
269000,369138.68977244955
420000,506167.9270717312
730000,629048.200478445
1050000,938933.3158122632
378500,857038.8917363615
995000,1023050.3612242899
1700000,943685.6228650424
2600000,2719526.914833135
1550000,1872860.4847273151
260000,569021.779733386
1000000,1207868.1665433876
820000,1020355.75594427
330000,208436.89380033663
320000,235149.76868958923
1400000,1540417.7207559203
195000,217931.6756899816
875000,724591.7892166257
560000,587638.331980491
135000,141971.0850119111
1495000,1607865.5114315937
550000,615679.7891051902
1145000,1328285.851257063
250000,443604.0759437437
279000,285045.46487317095
490000,487862.91940099443
900000,1001390.3395747936
1900000,1121509.9318628823
1600000,1772202.8995264303
189000,125091.43553755805
119000,34519.34599299752
185000,128356.45645950607
184000,345329.90806615155
240000,304557.1772663266
549000,405314.33423813945
166000,132650.53925570135
360000,411979.76255111815
1250000,1290509.5059192225
115000,21045.28313824709
230000,5399.530585267465
455000,275001.32373887935
235000,300630.054254769
650000,1544233.068110675
215000,-4341.723326288513
160000,-59780.82883698947
136100,179039.30432878202
295000,713236.5183489196
180000,255791.59336577065
1200000,1147335.2927809488
525000,451262.7230221713
1940000,1916338.8992002131
570000,566620.2606818306
380000,747758.9549162625
279000,176355.35496936634
550000,888803.2112720801
790000,673200.7969494355
325000,518192.977491733
281900,335172.45081470767
680000,721782.0048316086
490000,404085.6780967889
99500,-28785.650109280832
930000,887378.3964766997
690000,781665.2507234168
170000,188383.44082745572
118000,95332.44938726001
375000,300184.0936986408
1600000,2017211.8923506648
179900,105504.94336090563
1020000,995672.5193555556
450000,576597.9066433511
590000,447831.04974465695
525000,1092618.4717635426
550000,556963.4205022203
2280000,2518162.1688634264
330000,400022.3878759308
730000,698591.9192767189
160000,-149246.7305262743
615000,572318.7562700713
1275000,1258869.1361753924
970000,818049.155134235
950000,1053385.4126332593
245000,246545.14578006126
210000,193223.08606099972
175000,162853.5463236164
137000,122538.08224639657
775000,785466.1832984136
780000,740022.3534643443
140000,141071.2148519107
978000,1031848.7677356694
155000,213192.02255791664
2400000,2032657.0784996212
525000,554109.2298961786
210000,215207.54257807264
329000,287168.09273959417
150000,88481.78950317774
240000,318328.90613019036
540000,529635.1490029617
999000,1021869.4897112558
2900000,3094065.790244618
271000,213478.32651501265
720000,1124436.1454927945
3500000,2785240.1427977537
184900,73639.71572521108
1395000,1362676.3136435007
480000,563849.6450192602
515000,987568.732671788
310000,317147.1282510277
580000,924578.2699617419
598000,513928.57449084835
227000,29656.647589721484
69000,-57557.687468419084
320000,225305.53090264596
219000,328170.8834228815
277000,514226.15153894294
115000,197562.55717878533
2100920,2658189.340904187
560000,558461.0121479165
3200000,2435086.8517371938
360000,252345.91523124592
280000,265967.3868807661
2190000,3009870.0817185855
1185000,1381441.5709797903
125000,79452.9567385905
145000,166851.19109159196
2195000,2408841.7268041708
230000,257363.43647569086
168800,89895.39310069219
295000,525136.83746673
2300000,2094528.5021139062
1900000,1728159.5578743839
240000,181315.53860009374
101700,-84867.1921614944
215000,1127061.066972286
998000,983539.7103333384
540000,574677.4524239411
169900,-6611.019517108914
160000,138234.62249821436
489000,455975.62089257257
149000,-13477.592732456746
460000,315682.0340421816
540000,578219.1649488595
520000,616384.3801747542
120000,103997.96916823043
225000,159011.80582327687
1420000,1658323.4248613934
715000,778399.8044567099
175000,-39824.59496407723
225000,122828.13084826921
390000,543048.9255212474
135000,220391.0655367612
221000,241731.20215082512
1780000,1600526.6868045647
150000,48061.40073265298
190000,-74055.73927005392
454000,456143.4794311315
449000,220816.3168832367
345000,530967.6704348905
168000,-73043.3129400016
3500000,3613845.112937556
490000,492346.72222426406
450000,385163.3740215239
173000,172823.7831951218
399900,325460.2438432197
110000,107126.54904151452
280000,588749.7544843276
347800,330375.1431633146
1190000,1282398.5969725319
898000,1241041.3717533736
98000,22629.49858563114
215000,127485.97958332335
265000,221750.632455597
1060000,1044307.7553972213
895000,891437.5083126948
530000,565420.0172529643
138900,82122.40282495029
350000,-46500.144129712484
440000,313351.783926129
420000,367916.5176331192
179000,201919.15150006808
435000,371016.00358334125
2300000,2595372.3501457428
360000,187881.87120235566
3950000,3324827.9894108474
870000,751771.6733976444
604000,610261.8901150392
260000,-37081.954821129446
575000,672350.3014081431
857000,968244.8169725805
875000,922013.8054939491
115000,85638.71428324841
485000,476261.8550706394
163500,157870.84177207132
490000,538370.3892320693
214700,247176.69557957898
277000,222701.16547918483
205000,88989.61765664583
872000,962510.3640299027
680000,625230.6796540989
239500,185813.46897676995
860000,774453.4368958026
850000,765012.544728416
350000,745301.3930564793
194000,128735.05763950944
482500,412786.20129985805
2000000,2850244.2463834486
128000,67956.66770225973
780000,575315.9190633979
800000,1310745.0970250429
126500,46687.30627649417
270000,276462.05970725615
150000,-89157.25340341893
520000,668039.1349617592
218000,201820.79956580827
180000,143249.87244543654
340000,256705.08631940547
975000,804991.2348803261
148270,101735.02931511565
1590000,1463781.7372550564
2500000,2321963.4484554655
3000000,7189056.348432037
170000,46842.67404183175
775000,770311.4643359965
230000,139508.76692533458
451000,662563.7788132417
257000,313397.73315957177
799000,835401.1465664988
216278,232801.22037205147
299000,325226.0398626237
320000,277005.36315553676
90000,-9877.25616831507
400000,291413.241659085
295000,343299.485556191
845000,1137369.424730292
1395000,1390761.107358924
310000,229117.2381647664
545000,486044.11467978556
135000,125981.1988686974
1600000,1735348.9627667516
750000,644921.814489888
179000,269544.89050712914
142000,15783.677402084577
125000,60258.76523812581
970000,1135287.4235182686
999000,1004138.2804774463
1800000,1799502.6453463938
1100000,1526767.8345754482
180000,274008.07987102715
2450000,2674953.087507148
330000,357430.5691988651
104100,97237.56889567361
570000,684747.6763062372
1060000,1181464.4411950284
395000,334645.2727440652
2280000,2373440.6655052076
189900,231014.64771964168
980000,858486.5350339726
222000,108072.3599735233
978000,1174973.3420155258
169900,177555.12823034986
151000,110470.20946545782
420000,452068.5750244885
2420000,2040956.3331573987
955000,869189.3755876612
270000,452258.32923368877
123000,24189.86405412352
570620,531721.4795071529
450000,580996.3550184454
917700,815085.9054270225
1400000,1373873.029224581
1995000,1929134.637437889
185000,60013.25313698209
2300000,2260421.715768884
1300000,1473356.1450056937
220000,210523.75658861763
299900,153996.09743499337
115000,61427.813037659274
169000,107608.90119543741
1050000,1341783.1356084035
506000,488766.9758960013
520000,980674.4498221194
289000,223794.9115828061
458000,276564.1890793667
1300000,1216411.9861375764
197260,316461.39470547694
260000,570909.121600577
155000,204295.84452110523
650000,638204.3991022814
398000,311056.4881842279
650000,970502.2439332993
167500,67542.64019024011
399900,437579.1388705128
885000,700021.7249844575
450000,492519.97629107983
220000,437797.339861512
229990,293969.21611538617
2250000,2444461.456202036
136000,122191.95017514902
470000,522898.7100554672
398000,330832.0539986985
763450,783526.8309398647
240000,220870.00308121863
1600000,1959801.1352984412
203000,20754.45811806526
215000,303159.36850048177
590000,651430.6021251573
750000,607417.1235196021
135000,165164.46431632264
288000,368469.6171283602
290000,191024.38093585597
125000,84950.79964480898
750000,635775.7088446474
144900,80838.42296613508
1250000,1315794.917475397
114000,33586.00141216442
555000,688772.7305432728
160000,65874.67303292546
489500,637331.7551028123
570000,550203.0491920484
675000,872303.9340440144
825000,895257.689908842
1215000,1109874.8914564638
1980000,2073938.526864307
3000000,6699851.130909297
109900,-21192.183159450185
650000,527833.4013493042
155000,41281.40417067148
4790000,3288745.492350078
134000,37357.47184362379
1200000,1524343.6168851657
157000,71064.28548465238
430000,411625.81812559575
236500,235720.70082637714
360000,322914.99083853065
505000,437877.23574383743
180000,101435.72578050941
590000,715633.103026258
220000,340237.79148056946
215000,268511.04402555636
720000,1102283.313503235
700000,842998.4899792746
1150000,1283079.890231947
1680000,2386429.273615093
945000,1065598.5076928136
1990000,2002971.505281662
853000,819146.4163968288
174000,104518.58194343641
139000,167718.84714758978
265000,236738.64929207764
190000,382382.66564670554
266122,308071.0233168021
230000,255995.74083336862
542900,537022.1596637928
1699000,1757890.7498791185
589000,544624.5909780094
112000,126948.68739020638
385000,284753.53346882865
139500,316720.21812422556
900000,952254.1741797444
135000,113417.59845037875
3620000,3345852.9197873157
179900,963.8229652170558
99000,57750.3205918544
135000,141214.66553042212
940000,905698.7433919878
620000,739171.0671790818
409000,464518.0853076785
440000,503017.99187179323
125900,199543.93936181447
3250000,2554707.0069421777
299000,250292.67638820678
155000,128118.53592094476
190000,220145.7690221385
159000,-98389.59731611412
85000,-11948.320105651044
1590000,1592134.961085148
169000,25293.62929280766
1150000,1154909.1422929023
995000,971766.8888794368
2075000,2540616.1660174513
7900000,4661793.320740966
209000,134236.70281608228
455000,433250.1299194775
510000,499386.2932236177
940000,940784.0789681147
275000,357290.7241892174
250000,328900.5071344167
395000,619923.960827304
2695000,2473016.128036037
230000,266879.58946278034
98000,-263277.63946623285
1590000,1575477.750092302
525000,382777.4397041041
1198000,1379118.719589944
890000,927065.5148192227
2200000,2418565.400976658
479900,424212.2124509959
279000,294810.3115901172
1475000,1350926.7801726803
195000,253612.24268933543
3950000,3312885.4529948193
2375000,2234097.407751135
295000,474379.295777856
2300000,1782719.4228847553
575000,342804.47244318057
525000,372110.5384943723
850000,1085567.5128786294
115000,64498.310377794085
2410000,2072084.6227667797
620000,786080.0653885489
228000,350157.08182751614
1343500,1160399.5209411816
890000,1053833.151975776
630000,538746.6132746846
2700000,2469674.825168333
142000,133312.26143399882
2695000,2597043.94393167
215000,390319.3100117588
1715000,1956349.7722401423
99900,-572657.5790800973
310500,316729.15123711736
2100000,2278776.453456543
225000,-7800.411613902543
265000,363434.7277067705
390000,427880.51208488055
378000,555711.9568995086
1650000,2202807.3973423704
115000,-32596.100387136918
104000,-605190.4641644399
278000,225075.45275873836
374000,397574.49059943407
295000,249080.70037265337
3500000,4388175.618971038
245000,250923.35655209929
265000,136484.7144438011
1400000,1195929.7676473814
525000,410943.8935924455
550000,676073.326273964
330000,288084.0686219915
175000,104203.30058803817
141050,87492.73279355932
549000,494668.48669281823
1740000,1610906.7373851985
850000,797374.3274382942
2600000,3261148.527913692
980000,1017162.8259486619
670000,582863.6373478104
135500,171172.30928168504
390000,403243.36707738007
254000,264000.2944910027
3250000,2803468.461833004
264310,255293.74699290527
850000,852953.7894391448
292900,351862.47393454186
685000,638399.7959152444
1790000,1920457.834564651
545000,718904.3003791345
179000,170050.61503668566
211000,-14634.232706694165
315000,143500.15791960526
345000,413514.8858551296
825000,851002.4802451123
220000,178948.35824347427
1260000,1378645.7667038906
1750000,2167556.0422764695
160000,19844.146322651533
485000,380968.7614229149
195500,159069.43780009483
117500,27691.63483114785
750000,735562.2141788125
179000,67085.75300979777
203000,225233.83044578
3000000,3119073.313417797
159900,145835.89479576517
950000,1142119.601961283
130000,87429.86211921507
199900,219721.66197611293
725000,1384352.1194350896
1350000,1244328.765378169
460000,361187.3593622013
495000,461329.00196488295
250000,107994.53802897222
1430000,1663709.9832189265
495000,489459.673611273
395000,335980.02451065154
730000,868640.3897815833
639000,650572.0461009368
292000,492954.5752511044
900000,400838.404194765
335000,383302.40583415667
610000,510334.0865726804
138000,39075.6246597867
115000,186587.86240410345
225000,119200.75222331786
129189,53015.38257942279
165000,157150.61086478375
895000,953133.2690378404
360000,640550.5434083373
70000,-211927.7596277378
420000,454534.9158726303
530000,748538.3540581381
452000,424445.8952720009
1250000,1379132.4420822517
795000,690010.9631241034
125000,67896.56465300161
3000000,3014360.139618303
665000,474290.2585058135
150000,8270.794187363936
1100000,1059249.956514783
267000,267641.5081870224
650000,750259.6245579885
195000,158358.31037400337
485000,530446.0657740646
151900,176223.75463095022
618000,62554.97378979798
885000,933985.7550785667
729000,612335.9382602437
143000,105314.10448278615
1175000,1811531.7164394846
128250,64010.5376090192
825000,888770.9426787349
236154,228498.4909194921
600000,1047342.510438897
750000,729484.0186506865
450000,467048.2964433021
130000,128970.23423214478
297150,307290.9709609363
790000,776094.5778290225
125000,42983.773764723795
140000,60740.45405257726
139000,162900.61030280142
450000,14131.40401403117
105500,-20853.878019191674
540000,518382.84311405336
220000,199548.1395577953
399000,421827.93203248386
1790000,2040266.2786983065
165000,69386.9973202839
361500,431259.44664960704
157900,329535.2771637466
219900,294897.35881804244
650000,764656.2825764986
140000,113803.0564462312
499000,438362.7675274709
199500,115493.11993056175
279000,389901.1786401753
257000,335839.14814729075
950000,873058.6034045642
265000,425934.44410397153
160000,99829.72275590687
269000,282812.8689011565
796000,824483.36777987
575000,517769.69152165577
510000,432863.5635562376
495000,432873.81643470493
202000,226431.34879214963
141000,121400.78645807691
247000,215947.37232081365
4500000,3254283.5593999983
339000,650738.1991032464
364600,449667.85160154477
675000,621151.2247600374
4200000,3152962.790818149
720000,1014532.726064063
425000,438763.4192332368
115000,64854.09603395662
270000,280725.5592988425
125000,146965.50943429116
320000,347364.2299348005
380000,311015.52215496136
315000,212532.76628882356
169500,37515.270576632
700000,1827528.1560841408
119000,39622.99937796092
362000,301595.75711205427
5800000,4478057.313157108
130000,-23905.162746696966
175000,31131.04169036867
1290000,1665370.6608629674
328000,428290.83790886885
101000,-12850.363735805382
695000,808719.6153572303
990000,1249472.3862653961
1495000,1596823.7382159615
580000,557329.4957204546
2125000,1603037.369073798
1049000,1075217.6569104246
88000,-210705.9091879849
765000,917042.1984993673
520000,537637.6321514067
580000,594421.5342400215
299999,255563.61013437313
319000,326436.6646033364
370000,270308.07200612477
1120000,1165239.5884595662
750000,1252288.0536266486
254900,-201684.01530725183
150000,74789.92695472785
1900000,1803659.3116541202
330000,548785.8012920071
179000,172587.23844704754
195000,243139.05377928034
675000,636582.8494481407
335000,343239.7350691904
128000,121127.63234114973
1800000,1739917.382841765
220000,226388.08329720615
155000,52071.305931856274
151900,209354.67836708273
199000,-122225.25438241567
530000,285065.1060644421
1250000,1278044.0852669582
235000,267118.87931174645
328000,441712.6407336758
247000,263316.76533279044
199000,194140.47760314046
356175,362003.38648247713
199000,255397.45767982415
901250,933231.6635782659
310000,237568.12694295653
700000,956062.8254740017
245000,267250.8817645673
829000,844478.5862077656
2850000,4053471.9285254083
5150000,4822934.070103951
1990000,1977824.1787338583
102000,-18921.118086487055
4950000,3480908.647720286
695000,651356.1345508893
159000,99182.8101290795
690000,549603.9763878629
169900,-41281.93193730246
545000,310312.098969589
565000,655012.8613932219
138000,-253336.46685403585
540000,501966.1926307146
550000,269433.8498482083
263000,292863.10110634327
875000,882780.2482661229
730000,821405.3380642898
323000,312039.00297019276
1157000,1123243.1880851057
175000,81115.85201578191
215000,223950.22429492784
420000,441743.4135924418
950000,918051.226648296
430000,555565.4506616878
334669,335479.6624036838
1825000,1505676.755122008
1230000,1315420.2927328527
1850000,2081537.7724533118
187000,177564.6330637898
153000,132393.87870405905
750000,1293263.702628981
99000,69254.90085341234
2600000,2706634.2783647077
1290000,1233511.660212908
580000,719292.3560040516
565000,477527.3325092489
148000,288755.642470275
290000,353220.2746784803
355000,396803.768693922
335000,527594.4436186776
127500,147302.50470516295
335000,477745.04084474756
965000,1264355.6420839767
110000,38994.64983576909
135988,-45505.7240722233
423000,521074.57590225554
198800,166586.2411497156
370000,268465.3156996701
185000,195841.77922564105
635000,706439.7944232838
183000,60587.3570579309
750000,622216.964768035
319000,306252.0266574924
660000,614577.6845379253
219000,192172.84247290366
169000,38744.50217808888
425000,368170.29111775284
1250000,1392051.2189604994
390000,436863.23657656985
995000,1282947.4137647152
160000,212756.71471899876
83800,21591.438584669144
450000,486265.2810217233
399000,574775.8547802255
257998,336724.18803417624
890000,1234934.1181143578
775000,857286.5189689941
198000,-22614.723744534655
170000,43781.43272756855
599900,609387.7676155365
1298000,1117530.0203945613
190000,190931.08444080933
347300,514472.204110653
226000,216871.31431311218
950000,1008019.5811036243
220000,303024.2604727285
145000,179909.53960794676
315000,556326.3411438221
1330000,1181041.0995303183
425000,465721.76127204
185000,359567.05136835075
1050000,1426812.1652494688
167000,86265.39625386999
1795000,1599339.6693018703
380000,509189.6643296609
420000,348694.4888985456
175000,182929.28808187525
685000,1137827.7962520479
200000,-208203.4929616584
1390000,1536773.546334323
3500000,2945938.9166024006
1299000,1139234.5924050186
1090000,790643.476409193
268000,417241.79783859727
340000,341975.4243149783
131400,92897.24032093224
3300000,2744592.7904949514
169900,233318.20229203923
230000,192707.8496221021
900000,1118717.0706539275
125000,133547.99645296775
465000,339161.54887170345
180000,44742.84483048017
1650000,2011232.221445613
799000,1292697.7639206902
5000000,3906423.1396940546
314000,333328.0115687427
79000,-49612.60386483779
148000,122168.0570962315
239000,384421.4093897197
81000,21216.453286816133
1450000,1701705.7507456923
890000,907832.2894807209
2500000,2482290.608924139
619000,654257.6349788816
3900000,3924625.3147210996
245000,-5315.039263169514
1840000,2345324.6947692055
599000,1035933.8812888733
875000,801855.6183735296
1275000,1274397.8141619433
129000,110388.33898063167
1340000,1287868.9914889922
145000,166003.01174114202
1290000,1041719.2448038929
151000,-21990.56556255312
1375000,1255007.0464355296
58000,314871.17677469074
390000,410521.5870348573
315000,268320.2541242948
220000,300420.8039324082
3800000,3761951.0585071077
1990000,1640350.2615291341
238500,317989.15406136285
2300000,2114847.004418832
275000,372569.5074915404
115000,-138895.8591322587
194000,158539.35141105403
248000,196490.14500149607
2030000,2294137.039373195
265055,293759.82109066716
237500,229327.3568743188
109000,16864.496825506212
275000,298856.0945250112
188400,185322.94892691466
134900,109268.60759161122
620000,747601.1973537512
2960000,2793441.8110550074
380000,517459.81462156575
950000,1007452.454461318
119000,95321.69674087665
220000,281745.3198425648
260000,415949.8106905946
148000,176227.82696184167
860000,920888.0508176385
119000,-90332.01482346829
150000,107139.73843390215
104900,111783.13539065095
179000,135391.2637451978
279900,231759.42070818576
1550000,1676121.4106097366
490000,504717.6578987006
320000,703356.6917345523
299000,333831.9269242293
179000,-75424.4941163417
2500000,2703205.961111432
190000,192357.57299900718
140000,126210.92010540434
175000,143520.66154554056
740000,948673.8655062873
172000,157531.79206996015
374000,328987.8203958169
145000,133644.07805380027
320000,457703.1220338767
419900,448427.2762141664
120000,101967.97194048832
900000,861162.5122975607
360000,396556.6811348514
189000,224118.15348617622
995000,1401790.2246770137
90000,50005.45335147192
135000,107430.94284787145
480000,493642.9068911745
369000,318617.544444527
178000,142423.49399359443
365000,103927.14619526512
359900,94514.03220856388
1970000,1833593.3778085508
6750000,4217865.555329977
336000,293214.91390991845
880000,1065926.85697561
380000,-104563.89119420457
1240000,1336389.0989875847
154000,31196.663749509724
950000,788762.74836591
129000,216173.3057321026
540000,678228.2826722888
324000,470047.15454161714
580000,917585.6484948467
850000,1155814.2990498964
1500000,1112100.019365902
265000,137826.6892111021
247900,184720.9364609421
248000,347250.11997175973
649900,707589.4567332709
1100000,1245088.791486325
439000,439617.09428860294
200000,146960.51842975942
170000,157856.49185540492
144000,128954.42882668227
219268,243580.8114270813
160000,475049.61617897183
269000,206307.02355463442
1480000,1666773.6371638947
232000,188046.27996401855
145000,159894.49992761575
240000,314605.75716464897
430000,382046.6353596703
470000,394746.2491832467
696000,703830.6371620735
727150,807985.6811795454
154900,166359.0678429688
169900,26587.707524613827
255000,263236.9564771389
1000000,1027165.2536724441
130000,42583.171238916926
129900,59830.88665050594
1085000,1285257.7303230613
1800000,1633034.298624804
137500,106095.60823598923
215000,-56394.51905513322
385000,396871.99250358547
375000,224066.1493060604
345900,315508.9225229489
339000,328092.93284330156
777385,895626.1946649826
699000,640873.8514755691
420000,428865.53758736316
980000,1903662.4786690013
1343500,1286524.3107456854
1400000,620708.3363274524
1250000,1217944.976434823
770000,702230.0599014972
4350000,3236120.1205014433
1650000,1753658.4728077394
2097000,1866383.066031218
540000,529058.8371767066
950000,1214028.5420819023
420000,540369.3988724082
730000,748135.8197324644
795000,783208.3511099619
1200000,1203290.595030712
166000,22445.386747211916
1500000,1503010.013300248
229000,277286.8961790732
370000,322132.38080306153
305000,168550.48933857295
395000,457973.75754556723
235000,181825.51540484437
175000,703291.1912538887
375000,159906.08235919755
1395000,1843554.7147469479
140000,91403.81932186778
334206,334837.02699463133
235000,80752.98748885223
74800,3795.392566680792
349000,313938.3348427959
775000,786782.2536321122
530000,631543.1861944807
235000,278526.8270101254
290000,377790.6957266925
2100000,1825418.8004113846
260000,292398.8920622668
127500,81269.93262030906
1290000,1189187.5519631673
140000,207863.19556821353
245000,216617.39237046381
379900,472479.5153759273
950000,1134341.060241687
865000,928260.4674658659
365000,195856.34013106138
475000,418706.29713896516
161000,96628.25281507848
1814000,1681421.6760584812
599500,606657.535112704
101700,-58162.00498587126
450000,510967.9164100687
1100000,1254309.4779681757
520000,310646.9905565086
1900000,1761731.0142691205
155000,146366.17197279562
179999,139485.30867591873
710000,760760.1370501326
225000,214774.27459611202
595000,656364.6216744336
630000,731844.8503310924
650000,563541.9665018291
155000,134953.35161191295
1050000,1020582.2006035029
200000,485949.79220470507
555000,587193.8489160357
578700,821205.791187525
330000,213532.76776704018
173000,370067.19997844205
890000,850941.8035317683
110000,142107.95876203
895000,946623.9366566502
119900,86270.7758800122
4500000,3803050.266034509
510000,477251.1557543223
109000,62382.95976370911
189000,188492.15078335442
194000,139035.0142474816
228000,147902.87636967888
189000,-110973.44504759344
220000,31837.645312694483
358000,108030.29716575902
110000,73212.86437892471
635000,370437.4536042305
132260,84424.59185097704
1100000,1617227.8969029014
995000,923074.9323626177
410000,575179.4659664577
369000,498261.39363863296
365000,406509.3399077847
465000,549982.3237555078
432000,466612.3202934916
169900,209405.49434875965
719000,791960.6998145948
450000,367756.10271287453
349000,216472.77665442362
128000,61622.764674561564
480000,1488615.3102005003
950000,973763.1178441995
595000,388160.60533462814
1599000,1583087.5163134057
107000,-60335.99457491003
120000,212610.20242548804
87000,-113792.06687973277
198000,204490.99056287517
770000,672882.1686688729
760000,736553.6437794677
650000,776213.9982871679
600000,915635.9516932786
1150000,1092037.387107524
345000,444548.97211977775
265000,310726.9987748783
695000,526998.2763588403
1290000,1243921.6724964157
900000,1436880.3516986156
170000,235955.09716072032
134000,-33599.67748785985
185000,78867.60176820366
330000,500485.1484556363
535000,481088.0601441079
260000,479980.820488001
335000,464746.7762797285
207000,235817.0483672847
705000,807388.5093342786
273000,-7583.254621903412
899000,1085195.220887775
112700,-30820.08276833035
169990,279183.1917335086
495000,626562.3916837075
310000,260867.20025913895
255000,273849.2757239177
189000,228884.38581436925
159000,136249.2811827627
1100000,1058480.3162953705
259000,196521.4151627762
345000,1064850.3998163578
290000,383327.0581742725
425000,299091.7482407348
1290000,1313562.577418752
498000,450023.1762011909
169900,133603.55591432774
146000,160175.73787920817
569000,531221.2769811345
859000,819019.5174443395
285000,370535.29684082966
682361,723459.0985393365
165000,81880.13062254479
135500,109669.54179879627
320000,419387.78642876033
2250000,2662708.040489852
430000,334165.9050624141
3800000,3186462.1186241317
800000,1305948.446188219
520000,854106.2850113441
1100000,1324339.5790917997
173000,253655.65676987555
179900,2374.99850533728
1130000,312736.5940208935
1600000,1814693.3359610885
620000,1590754.8087557284
435000,456253.9894405928
350000,413262.234924307
698000,709439.0290845742
580000,629875.5948841546
299000,278585.44233105634
2170000,1918943.0847879197
2400000,2269713.5539630805
415000,369949.43265647086
306000,283849.4713216751
650000,973255.6789639229
869000,761014.1626238661
160000,150245.83861136588
165000,-35678.094106199336
580000,611560.0572853606
139900,-92266.27494303742
588000,723953.9471051588
340000,356227.4819710459
550000,547392.8115495101
337000,401557.02698142244
380000,410014.94044241385
300000,348932.17192587967
215000,178580.78344554146
980000,985428.9469844839
450000,484318.5067006525
179000,142980.43012604804
204000,272225.54181670345
1080000,1332145.414937728
3500000,2579167.222028755
1280000,1268503.8375928323
180000,-374460.0620171478
349000,268940.19759133604
275000,-504616.4354946044
159000,178002.7766673154
1100000,850644.5350425295
499000,441088.5857727326
193000,100094.22297674371
1199000,1333288.898481916
1150000,945134.5699476757
225000,240689.82947065908
1090000,1341335.513658463
249000,259145.6795006558
509000,426427.9825746364
330000,340517.2704457519
183000,74399.78747028974
175000,92574.6521623754
400000,349935.52379330865
695000,654189.9513455657
147000,172528.49076627515
880000,739986.9541274492
653165,683521.0394698245
945000,818852.8905994147
4320000,3243904.9868267574
560000,660460.0832815408
588000,615756.6336321125
295000,232256.05880361446
465000,341086.7583163149
509000,338483.1003393303
795000,1037264.2194033983
1500000,1841687.500373891
800000,817803.0560756669
339900,405359.15287582856
1187500,1077587.6494582994
220000,309800.3622018187
155000,170600.63847172982
377000,434299.9563726393
195000,110464.60293056897
789000,759151.7532298914
158000,140786.4952490353
1995000,2050862.7256910158
126000,35170.47620444931
420000,376303.08807413164
2150000,2256923.819736288
400000,391399.3119199974
780000,986846.1384170243
2100000,2066711.0076545165
3200000,2095144.2973706494
444900,559727.0167422164
173000,176808.03409021028
118000,31229.28238687548
226000,189403.95364517032
1187500,1091150.8971656836
788000,826704.0907291083
155000,168657.06184469
340000,466296.5855438968
545000,308304.31143214606
435000,95626.92046408355
238000,172993.8806193153
279000,345856.7027445279
848000,1055099.0781472516
2800000,2854388.0126007046
2600000,2487134.8503370644
149500,111148.31071111793
340870,323493.1081626667
263000,301777.5277285025
112500,146337.78743867995
575000,626883.2456856708
258000,198023.80841861723
710000,669729.252504897
488910,407136.0567441226
804234,863094.7466867074
270000,467974.28022779606
850000,859099.6766220235
7800000,4921794.517185745
450000,330600.05607770826
1400000,1393360.2221328332
220000,151798.11308603908
194000,263990.5915894778
226000,107692.53626857372
169000,95746.7536933648
645000,777359.0126602509
370000,341904.72512805247
275000,346801.38131904823
119000,89140.13825099822
1250000,1503457.2634330972
2500000,2270419.3298699823
1650000,1497716.9396843547
1370000,1284686.4200800376
140000,14382.77640738769
440000,490689.5094650161
995000,960858.3053880094
428000,528931.4364741144
1250000,1412450.0376824792
229000,233424.8360549251
1150000,1254619.619648445
1700000,1843579.9107877477
970000,854820.2742728846
5000000,3940836.215124887
155000,248125.7904797105
280000,543884.6267825565
510000,520595.7166470291
254000,653033.577165387
159000,118367.88525391743
208000,258939.74806636525
800000,658412.90016703
1375000,1429718.9614698112
298000,275372.34928999125
538600,484930.1988712038
485000,815329.7369264455
340000,453668.3936575164
1575000,1699010.3715070402
375000,556147.264470084
633000,525200.0640153982
374000,284450.05720228644
99900,42201.144392955
101500,-16550.738191174576
260000,240084.04818846844
1500000,1519928.8118585143
100000,11048.62417062826
748000,871820.7392942684
1100000,1613188.529931335
187000,-19625.695563979913
1177000,1222742.1509809508
790000,795437.3156040142
370000,453938.72300467844
135000,91169.74999643164
1150000,1390973.252824353
5000000,3189842.854911894
570000,683635.8321018303
290000,83431.25445922674
233000,156010.95104452618
450000,531974.5972603216
785000,570183.0839704642
284900,370110.273631476
494900,337733.02014921163
595000,602427.5981708933
980000,1282058.3360896506
553600,550882.955965888
700000,1069520.3551246978
890000,803613.4148467631
151000,95616.28818459972
426500,471750.64049477206
1200000,1538508.6915363304
1500000,1600702.0033946773
760000,732752.1008095717
2375000,2083923.26298026
70000,-48018.235786831356
125000,30916.6340984907
770000,691051.187273375
200000,285970.7896508418
599000,473363.49998954823
430000,159905.97642723809
690000,522046.6106047239
390000,443185.6653402977
189500,166584.85698964685
150000,224364.45763643243
790000,538580.2913611501
251569,232251.1942443439
1490000,1680041.554368582
145000,115786.88170388434
235000,343921.395190113
390000,500325.7785549368
1500000,1391661.4233352933
280000,254187.61088401475
770000,607464.6812821967
999000,1135441.1072405549
140000,30588.563668731367
669000,782725.4689473166
298000,348132.336063396
576900,606816.8307406881
155000,82142.18400102225
415000,324822.16038033913
810000,701278.4218201167
285000,288263.2416121697
198000,168100.6669429395
449000,464179.5340657884
320000,349458.71177582274
196000,60690.49094321148
193000,183778.43757553527
1950000,1772098.470891811
1700000,2272687.784839457
1495000,1411761.3136194437
185000,71360.41847687529
600000,370380.08085595124
1750000,2513619.665376755
169000,90172.56725418288
169000,160372.23283668235
110000,68948.78188864072
285000,156117.3090732193
980000,1060149.7540751796
720000,952765.2132328693
212000,157480.5669679694
234000,233764.47297388152
2990000,2908964.822072812
150000,508316.66769604234
755000,748516.2670545153
219000,144985.102494232
330000,398118.0830988053
169000,151982.45719079836
395000,362484.1610589338
2290000,2460036.930472241
1300000,1185660.7630555327
330000,561113.91312882
345000,368377.70524433086
895000,877109.1768168118
218400,307656.7378039821
650000,618729.5218823202
1695000,1699314.0424482767
1450000,1479194.2859365207
430000,626050.0160027044
543500,608903.1896378146
560000,545317.9656853138
3500000,3027762.989026216
320000,529952.2814570658
250000,188437.5032160359
325000,453188.85637569474
449000,418356.7500294649
170000,89015.0009984764
145000,102566.98527777032
599000,504593.9158529784
180000,-33794.8027674983
890000,1270897.2930017416
110000,57607.63388869236
349000,215624.99809427996
157000,222295.03609966312
230000,294402.33912915934
460000,527939.5358853729
1480000,1725292.3061837475
190000,36629.8473993981
623000,632394.8021918616
385000,94926.16790634708
349500,500928.5743724797
980000,920427.7172473839
760000,863364.2691419614
1350000,1581759.0550847214
1150000,1236615.581599765
150000,95967.39418606274
1210000,1511802.41176127
288000,136743.84519382054
140000,-330683.8726276428
635000,539501.9336356844
185700,146565.7683489062
796000,870816.4704482466
1850000,2001512.1169405608
275000,262270.378207779
222000,209259.42450799613
390000,265081.7446772211
80000,-125663.839818676
489900,348113.099451724
1599000,1823439.069899627
159000,143616.15915635228
173000,175013.78222271916
690500,850489.7178339144
149000,159842.51874645834
560320,563047.1792847314
430000,436608.3745138219
180000,90820.47818515869
120000,87967.44699424959
700000,718747.5096650993
159000,71228.27479399135
269000,185819.02748783684
198000,199126.75213538605
395000,474396.3758616774
620000,730566.4451940042
138000,106614.07322907087
490000,416243.32050375524
190000,350324.84709976555
250000,230355.01744800253
395000,593386.3286234554
225000,178276.14406064316
635000,534220.2321365549
119900,40017.804963042494
1800000,1660780.3398613944
325000,663025.1303624732
540000,572304.6104147215
165000,203484.45865468401
545000,507245.4454023328
860000,832299.8204663092
83000,26781.976253111265
400000,377502.3007018553
329900,311166.47673773806
518500,470903.9761156072
975000,1010704.7435948739
123000,70736.58453309699
3800000,2957337.8786164485
1090000,1673266.6681823027
101000,-180116.86778665206
630000,657230.6818878481
1590000,1614144.6284279884
172000,215048.4427418583
152000,219159.49700510257
1600000,1571055.447499562
253000,324272.6482093912
145000,117391.90749051317
319000,329566.53564164846
229000,249334.44003361202
750000,321078.1820785068
359900,345208.6417515852
475000,491440.06323878013
285000,311140.949056665
240000,403148.66935265623
2500000,2567597.7622593185
319000,238082.35615833872
162000,-2126.260854384396
1380000,1227306.3349631205
1597700,1602927.6122498154
275000,346260.4891948731
3000000,2653269.880344845
870000,849880.0306745004
239500,246886.9834916105
325000,104320.93051565508
766000,803832.537426971
1225000,571633.7914128621
3850000,3215359.296336347
169000,537897.8366557042
102000,-2712.5768299126066
149000,241226.73018689052
129000,195667.30728205037
694300,781698.3178580038
1155000,1334219.271773303
625000,591714.1015783604
610000,689116.5082298341
375000,354481.5847799066
810000,743928.575175708
169000,-19863.625565496273
186000,-174126.5463832199
659000,646048.2697029937
200000,7432.361344230594
995000,992816.7986207539
245000,270328.8990954656
325000,245909.32954812224
515000,558192.0583343848
499000,530323.9808053117
205000,293510.87024038244
205000,316355.94748355675
865000,830634.5347584782
1098000,1139628.250245129
180000,327124.8157520595
149000,245065.97697458323
930000,952346.3759764289
345000,343734.71836754883
460000,414843.8546515555
446500,479282.14416082494
360000,539226.2666192342
1150000,1068195.344439377
1450000,1488899.6603274436
535000,455843.637610622
240000,-216539.90112549893
349000,833956.582562983
1300000,1403204.9666314516
360000,251421.07470686873
515000,447221.8203927544
406000,417266.8547132879
625000,731951.6515496194
199000,153656.96289626788
360000,344894.13997364574
1448402,1451172.2706096084
256250,233417.9987016752
2499000,2096002.7054346818
2200000,1730331.2622135365
1225190,1210309.299311705
189000,160047.8013121751
650000,1048379.0402075495
1635000,1648399.7190539686
4999999,3430901.893810915
125000,106910.36057993246
2100000,1805204.6530562872
117000,133925.65228236397
1550000,1376697.9362863384
917000,766205.9998673369
1850000,1956562.9470174909
190000,149269.3850932098
109900,33645.76049520867
250000,270765.32717095234
562000,526663.3720542933
113000,39926.49554206198
569000,506014.13062995323
730000,778173.4312371929
665000,748381.5937545348
440000,868151.5114939057
830000,631993.356527536
155000,170904.95881305577
4000000,3217656.704001473
2695000,2393308.2970249057
1035665,889809.4587935868
157000,173049.56059778313
150000,137013.4981423443
678000,701361.3676145464
701304,736226.3803762454
230000,73251.67612734041
405000,271366.78619009804
190500,235273.06147707248
2000000,1651865.2265601277
564000,582993.9062355661
650000,714554.7419436895
125220,-52755.681637082016
168000,109369.5691895663
149000,248894.72741753538
165000,146899.70722318767
199900,2566.5866989446804
2700000,2581948.466113129
218000,274474.93260356865
835000,812732.8120808367
250000,616853.8135129
370000,311367.39078366925
278106,208260.89488414623
695000,698805.7845271821
1290000,1596174.96775844
207000,454788.4407478421
945000,988804.7678482385
330000,312335.34842998313
189000,1517.6444479251513
345000,302900.31725375017
112000,56973.34582232637
236000,182484.59658898995
128000,123127.50380943448
3100000,2974041.329970809
310000,266024.20872086857
990000,910707.5254193466
350000,354615.83070091443
123000,133260.18411338038
335900,343516.44559598377
93556,66464.04574769374
122900,138025.7438315804
136570,171253.77951124538
710000,683795.3647047582
281800,273222.75075579877
589000,514470.4197609548
299000,428181.2897584005
220000,282033.38355012616
985000,1231107.9455486163
117500,108894.94284161646
350000,547667.878918397
135000,-48006.11715132871
1900000,2202759.1740534254
1700000,1470970.715939225
3100000,3014907.3195895115
106000,-37413.09072341956
222000,5689.9863489243435
89000,-34275.23556985706
275000,254185.3798988922
630000,546495.137511922
849000,753356.3032901533
270000,383273.17651047336
418000,69901.74399999878
729000,1085550.652055505
500000,626991.1451818605
8700000,4866413.257831016
90000,90777.60333303525
259000,204740.5069035308
780000,779493.742781268
575000,703145.0679280411
449000,413834.05112389056
480000,633427.0661323564
280000,300589.0881866698
1095000,1128587.826731726
950000,876665.9129427731
160000,81194.73395862465
210000,31970.51170076034
185000,88796.71405572572
160000,197042.94481687876
4000000,3137210.8230806864
750000,995539.9020007385
252000,70228.616799313
379000,363777.53839685716
96000,59748.328362347675
2215000,2299608.8143158006
170000,132778.83943924273
210000,230104.7307585962
597000,1166218.4905179925
4200000,4108927.5056526214
268900,252024.93534922786
190000,96317.68951135094
225000,98120.29077928606
4350000,3274755.989243036
360000,327590.1082439987
185000,183208.26481427462
159000,160524.7867193214
750000,688747.8972608992
500000,360780.079810977
1780000,1925470.0944454186
640000,501215.26132602897
229000,288597.7059700367
289000,144876.975600485
160000,18477.168382912758
2175000,2473368.636812587
850000,867741.0159934988
515000,517998.0288892569
799000,814840.7572409784
149000,121136.24469412293
1750000,1440023.286032281
1900000,1347330.4368654343
267000,221987.274050339
225000,166358.1526456885
365000,314009.4284515089
260000,316008.734224994
221000,186280.03192580072
2350000,2240041.05695211
199900,187468.71085761435
227000,697252.6712929796
375000,555513.3409802606
114300,-102557.23417851597
625000,962484.5437215251
625000,642683.257801462
450000,498573.0483103674
2900000,2537964.2874292033
229900,327691.5721262242
148500,128906.58901523706
722000,688996.898476923
392500,227223.8093098069
379000,476448.3162838726
255000,468802.44282751076
370000,390957.3720644723
860000,1003642.49428596
295000,560013.4788020409
199000,180022.72113158007
2500000,2581560.6006799913
195000,191240.39870866953
360000,689972.14818772
135000,117993.30532715819
1380000,1241975.4234008216
289000,235489.2520727265
615000,599668.0479713184
120600,19353.58773811208
650000,426585.63784975675
429000,228633.81655818975
796000,872167.5093287401
238000,150246.7571169862
240000,278273.55588706676
420000,337405.1695966916
875000,830235.9865345375
170000,480798.8798795509
168000,87835.51269208756
188400,95761.33710753336
250000,240231.6315541081
180000,170284.69965747243
86000,-112380.59245644789
1375000,1419449.27645043
1990000,1761180.3650688007
273600,223446.92307756754
554140,553621.8599519604
810000,812701.2822901384
485000,468996.58149336145
88320,-14170.789784287335
370000,416042.88241294975
129000,27103.472663901513
330000,410954.7626817995
740000,615571.9825969402
250000,-37967.23627007508
455000,704132.7315047667
169000,154803.9377522067
930000,830735.066209192
120000,52462.540028156945
269000,301209.7326189586
645000,630981.4776907146
239000,53004.826381072635
370000,287011.17079437955
824000,836667.4914162325
390000,296754.5981276298
569000,532483.4305255245
185000,303730.39671828266
968198,1021604.7391547293
175000,58120.527510599466
156000,-87341.99913506059
364000,83127.72208984802
975000,1042896.2784175964
6500000,3979608.4112029485
63990,65801.3781030036
4400000,3040830.3364315825
218000,231158.15462108434
310000,-4160.905997486785
200000,71439.40881430963
129000,-151372.26441358356
175000,109277.71197078424
147000,70621.02418249729
219000,240927.89091407298
725000,831599.6693346321
1580000,1491935.227837578
244000,198900.35293159814
90000,-91347.61126123928
790000,873612.8566097531
159000,16805.04707216064
310000,203337.64589842805
160000,205373.7393331178
240000,-25138.81121672911
102000,45504.50151669327
159000,213163.81321921002
1800000,1764701.628787084
1350000,1599585.9895750526
374500,473950.2846838304
1750000,1829604.9518514029
845000,737257.9276189025
90000,-107839.53581150167
670000,726169.4612446991
450000,486170.17766299716
138000,73577.7152664729
530000,546707.4143851756
650000,627204.0914098854
225000,264577.6970072351
690000,745756.9923791338
278000,258362.76533138513
295000,270334.8506108286
480000,467116.24525354215
289000,345189.43213245313
104100,-867.9660215440672
243000,425702.6671285159
2630000,2449256.4514521537
129000,75864.89811312454
3000000,2676633.087757675
259000,144264.8006729273
790000,719346.7083178279
999000,1098201.1023057736
530000,504166.90631134703
348000,352732.4532759353
2800000,3145345.3624703893
520000,698751.8778305458
112000,87338.72501482686
450000,541646.4612832669
425000,785229.075799052
163000,168531.28312417428
999000,969748.6662923336
465000,524994.3444452748
209900,179222.94473360362
653429,658142.755247306
99000,121619.30286004464
100397,81820.65469207405
340000,308126.9899409218
850000,881994.0281740471
640000,1112366.124551837
132000,73406.34445424785
940000,814459.6960428212
391000,437249.264341258
775000,753612.6531262243
749000,750051.5561556679
120000,240144.7450065469
643000,568082.0523568699
225000,233885.28219569498
365000,251010.20246948162
610000,371163.5131695963
334000,753422.8861930667
189000,210956.47688926314
280000,109067.74807400606
199000,204930.78270416765
652800,678222.6240147541
685000,620089.554875812
169000,-15193.638566004112
855000,868357.5775070922
420000,676770.1512940293
690000,1627688.9115813228
1850000,1950797.6716661938
900000,883466.9410931394
1300000,1698416.5611927656
410000,430526.33093843574
159000,157906.76007749
2300000,2390845.338443673
735000,542436.5498397468
365000,124299.39195286005
275000,-57523.71956024435
289900,132595.56736128067
185000,226055.40599374945
125000,-463127.7260384945
979000,1015202.1382966787
230000,217867.74292558286
625000,636789.4740810934
1590000,2224949.8751810454
365000,-5311.736267342698
172000,138437.0954913185
460000,787457.6053794717
245000,175917.3401740787
270000,203999.85917839932
577500,-54370.00443558162
268000,424580.9887236714
159000,190202.15921485797
140000,217437.98574098735
249000,131338.75040718727
170000,146170.07338532433
1850000,1947599.843300812
1120000,1346400.6496842746
495000,983985.5300963345
110000,-65762.5389341535
1325000,1369019.1876782677
1375000,1506547.9043177762
174000,447503.12825773784
1900000,1944485.9904943528
2300000,2039223.211963561
185000,323184.1747967154
450000,566020.4148513781
235000,538353.8013996736
360000,606943.4662463905
245000,76748.11258597043
2250000,3003917.1849276233
186000,155866.64783757238
135000,44640.7224542168
420000,412744.47088261513
2475000,2460946.974957506
395000,629419.0569004079
395000,305704.47770537087
197000,263817.4577890177
3650000,3490685.1800380503
500000,532998.7243234442
185000,383738.8445162013
2050000,2112185.4855172257
1050000,1580336.0375864482
750000,562265.1261842547
187000,127057.0377022397
215000,110128.01590378652
140000,450045.012374001
122000,88850.87167998799
1050000,1100961.1094357974
187500,246678.23637773283
160000,88994.0960732894
2100920,2111075.4285141733
425000,410150.44874768576
195000,150995.567666415
1590000,1491303.0803982345
740000,936486.2227299596
500000,469983.8087885301
178000,181918.8740004857
81000,-75547.12947052717
245000,182879.79300233873
145000,114742.91165452031
3600000,3574652.0010645804
359000,294354.84927251894
130000,5825.693870247807
215000,149835.46908110054
1330000,1850011.3746339935
185000,266007.30389957066
2100000,1873423.64020294
190000,267786.3102452514
1500000,1551205.1174683091
125000,124352.08415028674
560000,588525.9279091895
575000,485861.596889865
125000,74064.25850404392
205000,181247.08000230498
400000,736400.6219184232
575000,834915.0851429376
375000,354190.6516116895
230000,-169314.41655871493
1180000,1597885.0521743346
475000,810499.7593035821
165000,112551.81276346126
745000,792005.2284479955
329000,750036.3226042449
541200,534451.6180275825
1321117,1380543.0786975687
147000,98663.98937767907
520000,567723.5990826251
420000,444591.1840655639
235756,144676.50248593674
137000,69602.40462535864
2500000,2307332.052087154
145000,-44737.007477577776
190000,52636.73399213748
120000,-33095.566717832
159000,37177.989022513386
465000,857422.6712506777
850000,791962.6650998652
499000,926797.6386127023
1475000,1686113.2576584
490000,473751.02538703615
230000,197928.9042161769
850000,1337116.5469359
669000,700450.4735669395
160000,26594.100271776668
800000,656945.8976735597
241000,234910.10296067834
1850000,3326453.7809241107
1357000,1436901.0829860955
1200000,1173278.1824260256
550000,793512.6579745586
585000,556966.639246301
895000,834309.8752370824
119000,104104.06633855624
1695000,1351721.0051725192
200000,97854.9774718628
530000,495255.39228646515
635000,833638.4434200698
